ID,A1,A2,A3,A4,A5,A6,B1,B2,B3,B4,B5,B6,C1,C2,C3,C4,C5,C6,D1,D2,D3,D4,D5,D6
ASV1251,0,0,0,0,0,0,0,0,0,0,0,0,0,0,0,0,0,0,0,0,1,0,0,0
ASV47,331,255,271,86,191,184,193,296,250,221,280,361,501,555,481,392,261,261,54,228,362,296,328,170
ASV1059,0,0,0,0,0,0,0,0,0,0,0,0,0,4,0,0,0,0,0,0,0,0,0,0
ASV971,0,23,0,2,0,0,0,46,0,0,0,0,0,0,0,0,0,30,0,0,0,0,0,15
ASV218,0,0,6,0,0,0,0,0,0,0,0,0,0,0,0,0,0,0,3,0,0,0,0,0
ASV1272,0,0,0,0,0,0,0,1,0,0,0,0,0,0,0,0,0,0,0,0,0,0,0,0
ASV206,3,7,4,6,18,6,6,1,0,4,2,0,6,2,0,0,0,0,4,0,0,0,0,0
ASV405,0,0,0,0,0,0,0,0,0,0,0,0,0,0,1,0,0,0,0,0,0,0,0,0
ASV422,0,0,0,0,0,0,0,0,0,0,0,0,0,2,1,3,0,0,0,0,0,0,0,4
ASV1018,0,2,0,0,0,1,0,0,0,0,0,0,0,0,0,1,0,0,0,2,0,0,0,0
ASV1071,0,0,0,0,0,0,0,0,1,0,0,0,0,1,0,0,0,0,0,0,0,0,0,0
ASV180,7,1,2,1,5,0,0,0,0,4,0,1,7,13,13,81,13,12,5,11,12,6,11,8
ASV247,0,5,0,0,0,0,8,8,0,4,7,2,5,6,1,0,0,0,2,26,69,3,3,8
ASV795,13,4,5,10,5,6,2,0,0,0,0,7,0,0,0,2,5,2,0,6,3,0,0,0
ASV1262,0,0,0,0,0,0,2,0,0,0,0,0,0,0,0,0,0,0,0,0,0,0,0,0
ASV482,0,0,0,0,0,0,0,0,0,0,0,0,0,0,0,0,0,0,0,0,0,0,1,0
ASV1022,0,0,0,0,0,0,0,0,0,4,1,0,0,0,0,0,0,0,0,0,0,0,0,0
ASV140,22,7,22,32,30,16,19,11,12,15,19,21,11,6,11,20,5,4,9,20,9,18,12,9
ASV928,3,6,5,5,3,0,3,0,0,0,0,0,0,0,0,0,0,0,0,0,0,0,0,0
ASV359,0,0,0,0,0,4,0,2,0,7,0,0,3,0,3,0,0,0,0,0,2,4,0,0
ASV1266,0,0,0,0,0,0,3,0,0,0,0,0,0,0,0,0,0,0,0,0,0,0,0,0
ASV1207,0,0,3,0,0,0,0,0,0,0,0,0,0,0,0,0,1,0,0,0,0,0,0,0
ASV109,63,64,75,26,68,110,170,270,128,109,132,94,128,384,270,104,96,109,14,52,89,47,41,17
ASV363,3,5,0,0,5,0,0,0,0,0,3,2,3,0,2,3,1,0,0,9,4,0,0,0
ASV1026,0,0,0,1,0,0,0,0,0,1,0,0,2,0,0,0,0,0,0,2,0,0,0,0
ASV1020,4,7,0,0,0,0,0,0,0,5,0,0,0,6,0,5,0,0,0,0,0,0,0,0
ASV290,2,6,0,0,5,0,0,5,5,5,7,5,7,7,6,6,7,5,0,8,6,4,4,7
ASV388,0,0,0,0,0,0,0,0,0,0,0,0,0,0,2,0,0,0,0,0,0,0,0,0
ASV276,0,0,0,0,0,0,0,0,0,0,0,0,0,0,14,0,0,0,0,0,5,0,55,0
ASV964,0,0,0,0,2,0,0,0,0,0,0,0,0,0,0,0,0,0,0,0,0,0,0,0
ASV215,0,5,4,0,0,4,0,6,0,3,4,4,3,3,3,2,5,0,3,2,0,2,3,4
ASV940,0,4,0,2,4,0,0,0,0,0,0,0,0,0,0,0,0,0,0,0,0,0,0,0
ASV942,0,0,0,0,4,0,0,0,0,0,0,0,0,0,0,0,0,0,0,0,0,0,0,0
ASV387,0,8,7,0,0,0,0,0,0,0,7,0,4,9,4,0,0,0,0,0,0,0,8,0
ASV52,28,12,22,27,17,19,3,6,19,30,12,23,16,44,26,49,33,28,52,52,35,62,54,41
ASV225,2,5,5,3,5,0,3,2,0,0,3,4,0,0,0,1,0,2,3,1,1,6,2,0
ASV1008,0,0,0,0,0,3,0,0,0,0,0,0,0,0,0,0,0,0,0,0,0,0,0,0
ASV407,0,0,0,3,6,0,2,0,2,6,2,0,0,2,2,9,8,7,0,2,1,6,2,3
ASV1045,0,2,0,0,0,0,0,0,3,0,0,0,0,6,0,0,0,0,0,0,0,0,0,0
ASV1166,0,0,0,0,0,0,0,0,0,0,0,0,1,0,0,0,0,0,0,0,0,0,0,0
ASV955,0,0,1,0,1,0,0,3,0,0,0,0,0,0,0,0,7,0,0,3,0,0,0,0
ASV445,0,0,0,0,0,0,0,0,0,0,0,7,0,0,0,1,7,29,0,0,0,3,16,7
ASV318,12,0,0,0,0,6,0,0,1,0,0,0,0,9,7,4,0,0,0,8,12,8,0,7
ASV332,3,4,0,0,0,0,5,9,0,0,0,0,6,2,7,4,0,1,0,0,0,0,0,0
ASV399,0,0,0,0,0,0,0,0,0,0,0,0,0,0,3,0,0,0,0,0,0,0,0,0
ASV1226,0,5,0,0,0,0,0,0,0,0,8,9,0,0,0,0,0,0,0,0,0,0,0,0
ASV959,6,0,4,0,0,0,2,0,0,0,0,0,0,3,0,0,1,4,0,7,0,4,0,0
ASV1134,2,0,0,0,0,0,0,0,0,0,0,0,2,0,0,0,0,0,0,0,0,0,0,0
ASV1046,0,0,0,0,0,0,0,0,0,0,0,0,0,5,0,0,0,0,0,0,0,0,0,0
ASV1178,0,0,0,2,0,0,0,0,0,0,0,0,0,0,0,0,0,0,0,0,0,0,0,0
ASV158,8,6,5,2,3,10,5,9,4,4,7,3,5,18,10,13,0,12,6,4,10,10,7,7
ASV1137,2,0,0,0,0,0,0,0,0,0,0,0,0,0,0,0,0,0,0,0,0,0,0,0
ASV1077,0,0,0,0,0,0,0,0,0,0,0,0,5,1,0,0,0,0,0,0,0,0,0,0
ASV341,3,0,3,3,0,5,0,0,0,6,0,0,0,0,6,0,3,0,0,0,0,0,0,0
ASV802,8,6,7,7,6,0,0,0,0,0,0,0,0,0,0,0,0,0,0,0,0,0,0,0
ASV104,12,18,10,11,16,16,0,12,6,22,12,20,11,10,5,16,1,11,17,14,16,7,19,11
ASV266,2,4,3,0,3,0,3,2,10,9,6,0,26,19,17,9,5,16,0,0,2,2,7,4
ASV82,15,25,27,0,36,31,19,53,39,49,20,63,36,33,33,51,40,40,25,27,52,38,37,44
ASV97,0,0,0,1,0,0,2,0,3,0,0,0,0,0,0,6,0,5,17,0,7,15,7,4
ASV94,26,64,6,12,17,15,26,10,34,9,18,15,47,29,23,23,21,20,19,35,32,36,40,30
ASV909,3,4,5,4,5,5,0,2,0,0,0,0,0,0,0,0,0,0,0,0,0,0,0,0
ASV123,35,22,13,26,27,22,28,25,21,15,39,32,39,80,32,27,25,22,13,40,40,10,24,21
ASV576,5,0,0,0,0,0,0,0,0,0,0,0,0,0,0,0,0,0,0,0,7,0,0,0
ASV310,11,2,5,7,5,0,0,5,4,0,0,8,0,11,3,4,2,0,0,2,3,3,2,0
ASV1258,0,0,0,0,0,0,0,0,0,0,0,0,0,0,0,0,0,0,0,0,2,0,0,0
ASV257,0,0,0,0,0,26,38,0,0,0,27,0,56,95,39,44,27,0,0,27,53,38,31,0
ASV256,0,0,0,0,0,0,0,50,0,0,19,0,22,78,30,27,16,22,0,33,55,57,34,53
ASV1142,0,0,0,0,0,0,0,0,0,0,0,0,18,0,0,0,0,0,0,0,0,0,0,0
ASV962,0,0,0,0,1,1,3,0,0,0,0,0,3,7,0,0,1,0,0,0,2,0,0,0
ASV1001,0,0,0,0,0,0,0,0,0,0,0,0,0,0,0,0,0,1,0,0,0,0,0,0
ASV171,3,1,3,0,3,0,0,0,3,8,0,3,0,8,4,3,0,0,6,4,0,2,4,5
ASV269,0,0,0,0,0,0,0,0,2,0,0,0,0,5,17,6,0,0,0,0,0,0,0,0
ASV465,0,0,0,0,0,0,0,0,0,0,0,0,0,0,0,1,0,0,0,2,3,7,3,0
ASV1281,0,0,0,0,0,0,0,0,0,0,0,26,0,0,0,0,0,0,0,0,0,0,0,0
ASV1177,0,0,0,6,0,0,0,0,0,0,0,0,0,0,0,0,0,0,0,0,0,0,0,0
ASV1184,0,0,0,2,0,0,0,0,0,0,0,0,0,0,0,0,0,0,0,0,0,0,0,0
ASV1057,0,0,0,0,0,0,0,0,0,0,0,0,6,2,0,2,0,0,0,3,2,3,0,0
ASV120,14,20,16,4,11,13,12,21,9,6,10,20,13,24,24,15,13,14,12,8,11,7,18,12
ASV142,449,881,327,329,349,634,1697,875,634,155,327,196,181,135,58,97,186,118,9,33,65,63,32,33
ASV36,6,4,3,6,3,12,25,25,23,13,17,12,15,9,11,19,11,22,60,55,51,70,88,86
ASV149,0,0,0,0,0,0,0,10,0,0,0,11,0,6,3,4,0,4,7,6,4,0,0,0
ASV242,0,0,0,0,0,0,0,0,0,0,0,0,0,4,3,0,0,0,1,1,0,0,0,0
ASV1048,0,0,0,0,0,0,0,0,0,0,0,0,0,2,0,0,0,0,0,2,0,0,0,0
ASV272,29,22,31,25,34,14,14,51,64,52,50,37,9,19,18,20,16,9,0,2,0,0,0,2
ASV952,0,2,3,5,1,5,0,5,6,0,2,4,0,1,0,4,2,0,0,0,0,0,0,0
ASV216,1,1,0,2,3,0,0,0,0,0,0,0,0,0,0,0,0,0,2,0,0,6,0,0
ASV1125,2,1,0,0,0,0,0,0,0,0,0,0,0,0,0,0,0,0,0,0,0,0,0,0
ASV938,3,1,0,0,3,0,0,0,0,0,0,2,0,0,0,0,0,0,0,0,0,1,0,0
ASV39,0,0,0,0,0,0,7,3,5,2,7,17,61,46,19,19,28,42,62,10,9,3,10,12
ASV1228,0,2,0,0,0,0,2,0,0,0,0,0,0,0,0,0,0,0,0,3,0,0,0,0
ASV166,3,0,0,8,17,3,0,0,4,0,0,0,0,5,0,0,0,1,8,1,0,0,0,0
ASV836,0,0,0,0,0,0,0,0,0,2,3,5,0,0,0,0,0,0,0,2,0,0,0,2
ASV65,8,10,4,4,7,2,0,0,3,0,1,0,18,0,4,6,77,33,30,0,9,3,8,10
ASV435,0,0,0,0,0,0,0,0,0,0,0,0,0,0,1,0,0,0,0,0,0,0,0,0
ASV1105,0,0,0,0,0,0,0,0,1,0,0,0,0,0,0,0,0,0,0,0,0,0,0,0
ASV958,1,0,0,2,1,2,0,0,0,0,0,0,4,0,0,5,0,0,0,0,0,0,0,0
ASV263,0,0,0,0,0,0,0,0,0,0,0,0,0,0,25,0,0,0,0,0,0,0,0,0
ASV1313,0,0,0,0,0,0,0,0,0,0,0,0,0,0,0,2,0,0,0,0,0,0,0,0
ASV1190,0,0,0,1,0,0,0,6,0,0,0,0,0,0,0,0,0,0,0,0,0,0,0,0
ASV316,0,0,0,0,3,0,0,0,0,0,0,0,0,0,3,7,0,0,0,5,0,0,0,0
ASV40,0,0,0,0,0,0,0,0,0,0,0,0,0,0,0,0,0,0,62,96,87,81,76,46
ASV1159,0,0,0,0,0,0,0,0,0,0,0,0,2,0,0,3,0,0,0,0,0,0,0,0
ASV130,0,0,0,0,0,0,0,0,0,0,0,0,0,0,0,0,0,0,9,15,18,0,0,0
ASV932,0,0,0,0,5,0,0,0,0,0,0,0,0,0,0,0,0,0,0,0,0,0,0,0
ASV1136,1,0,0,0,0,0,0,0,0,0,0,0,6,0,0,1,0,0,0,0,0,0,0,0
ASV35,367,537,393,908,448,521,1119,849,688,532,643,511,95,49,69,132,78,199,66,100,53,152,61,70
ASV450,0,0,0,0,0,0,0,0,0,0,0,0,0,0,0,0,0,0,0,0,0,0,6,0
ASV1185,0,2,2,2,0,0,0,0,0,0,0,0,0,0,0,0,0,0,0,0,0,0,0,0
ASV1269,0,0,0,0,0,0,1,0,0,0,0,0,0,0,0,0,0,0,0,0,0,0,0,0
ASV957,0,0,0,0,2,0,0,0,0,0,0,0,0,0,0,0,0,0,0,0,0,0,0,0
ASV222,1,0,5,0,3,0,0,2,3,2,5,2,5,3,5,2,3,4,1,7,4,6,2,5
ASV1236,0,2,0,0,0,0,0,0,0,0,0,0,0,0,0,0,0,0,0,0,0,0,0,0
ASV1225,0,13,0,0,0,0,0,0,0,0,0,0,0,0,0,0,0,0,0,0,0,0,0,0
ASV934,0,0,13,7,6,0,8,0,10,4,0,7,0,4,0,3,6,6,0,8,0,3,0,0
ASV462,0,0,0,0,0,0,0,0,0,0,2,0,0,0,0,0,0,0,0,0,4,0,4,0
ASV337,0,1,1,0,0,0,0,2,4,1,0,2,0,10,5,5,0,0,0,18,0,13,0,0
ASV119,11,0,0,0,0,0,0,20,10,0,0,20,10,17,15,0,0,0,10,16,13,0,0,0
ASV1206,0,0,0,0,0,0,0,0,0,0,0,0,0,0,0,0,1,0,0,0,0,0,0,0
ASV1027,0,0,2,0,0,0,0,3,0,2,0,0,0,4,0,0,0,0,0,0,0,0,0,0
ASV1255,0,0,0,0,0,0,0,0,0,0,0,0,0,0,0,0,0,0,0,0,1,0,0,0
ASV1242,0,0,0,0,0,0,0,0,0,0,0,0,0,0,0,0,0,0,0,0,12,0,0,0
ASV129,29,18,28,36,21,20,16,19,21,9,17,10,27,16,23,20,25,21,10,27,14,14,13,13
ASV1265,0,0,0,0,0,0,2,0,0,0,3,0,0,0,0,0,0,0,0,0,0,0,0,0
ASV1301,0,0,0,0,0,0,0,0,0,0,0,0,0,0,0,0,0,0,0,2,0,0,0,0
ASV1003,0,0,0,0,0,0,1,0,0,0,0,0,0,0,0,0,0,2,0,0,0,0,0,0
ASV396,0,0,0,0,0,0,0,0,0,0,0,0,0,0,2,0,0,0,0,0,0,0,0,0
ASV243,2,0,0,4,3,0,2,0,0,0,0,6,2,2,4,5,1,5,1,7,5,2,7,4
ASV447,0,0,6,0,0,0,0,0,0,0,0,0,7,0,0,0,0,0,0,0,0,0,12,0
ASV373,0,0,0,0,0,0,0,0,0,4,0,0,5,0,3,1,0,0,0,0,0,0,0,0
ASV1199,0,0,0,0,0,0,0,0,0,0,0,0,0,0,0,0,1,0,0,0,0,0,0,0
ASV168,8,2,11,9,5,2,8,15,8,8,7,14,6,4,7,11,2,3,7,7,10,14,10,0
ASV185,0,0,0,0,0,0,0,0,0,0,0,0,0,0,0,4,11,15,5,4,0,6,5,0
ASV309,31,46,29,11,30,35,23,29,26,12,20,19,22,14,8,8,7,0,0,0,1,0,4,2
ASV620,0,0,0,0,0,0,0,0,0,0,0,0,0,2,0,0,0,0,0,0,0,0,0,0
ASV1267,0,0,0,0,0,0,2,0,0,0,0,0,0,0,0,0,0,0,0,0,0,0,0,0
ASV349,15,9,12,8,9,10,14,5,11,8,8,9,0,2,4,5,0,0,0,0,0,0,0,0
ASV488,0,0,0,0,0,0,0,4,0,0,0,0,0,0,0,19,0,0,0,0,0,0,0,0
ASV95,8,8,7,6,12,11,9,10,5,7,0,6,12,9,11,8,10,3,15,15,14,15,15,11
ASV64,73,82,42,26,30,51,51,82,53,77,59,134,92,87,108,73,61,74,34,53,99,44,64,52
ASV192,23,14,19,4,12,14,13,4,16,6,13,0,24,16,22,3,6,5,4,8,6,20,17,8
ASV118,0,0,0,0,0,0,0,0,0,0,0,0,0,0,0,12,51,26,13,10,5,1,0,4
ASV108,37,47,42,33,39,40,25,30,30,26,31,38,13,14,16,8,8,18,14,21,17,7,15,19
ASV386,0,0,0,0,0,0,0,0,0,0,0,3,0,0,3,0,0,0,0,4,0,0,0,0
ASV1167,0,0,0,0,0,0,0,0,0,0,0,0,2,0,0,0,0,0,0,0,0,0,0,0
ASV1276,0,0,0,0,0,0,0,0,0,0,0,0,0,0,0,0,0,0,0,0,0,3,0,0
ASV1062,0,0,0,0,0,0,0,0,0,0,0,0,0,1,0,0,0,0,0,0,0,0,0,0
ASV69,25,47,30,11,12,30,34,48,29,39,34,75,69,69,57,33,35,43,29,37,56,18,44,36
ASV113,0,0,0,0,0,0,0,0,0,0,0,13,54,16,15,8,12,16,14,0,15,0,20,0
ASV446,0,0,0,0,0,0,0,0,0,0,0,0,0,0,0,0,8,0,0,0,0,7,8,5
ASV258,0,97,26,0,0,41,27,30,38,0,0,0,0,23,35,22,20,0,0,0,20,0,0,0
ASV124,13,19,11,0,5,8,10,13,12,15,12,10,17,18,22,6,9,9,12,10,11,0,0,11
ASV86,37,32,40,13,17,21,25,19,20,46,32,29,19,21,33,15,13,8,24,29,20,22,15,28
ASV989,0,0,0,0,0,0,0,0,0,0,0,0,0,0,0,0,5,8,0,0,0,0,0,0
ASV102,6,7,8,35,8,4,9,26,14,15,16,20,20,20,29,40,30,30,12,10,8,15,8,0
ASV1031,0,0,0,0,0,0,0,0,0,0,0,0,22,33,0,0,0,0,0,0,0,0,0,0
ASV376,0,0,0,0,0,0,0,0,0,0,0,0,0,0,1,0,0,0,0,0,0,0,0,0
ASV480,0,0,0,1,0,0,0,0,0,0,0,0,0,1,0,0,0,1,0,0,0,0,1,2
ASV561,0,0,0,0,0,0,0,0,0,0,0,0,1,0,0,0,0,0,0,0,0,0,0,0
ASV293,8,8,13,0,0,3,7,7,15,0,12,23,11,5,13,6,9,13,0,0,9,0,5,0
ASV472,0,0,0,0,0,0,0,0,0,0,0,0,0,0,0,0,0,0,0,0,0,0,3,0
ASV321,0,0,0,0,0,0,0,0,0,0,0,0,4,0,5,7,0,0,0,0,0,0,0,0
ASV7,8,9,11,8,8,13,104,47,64,48,78,70,40,40,43,141,592,942,463,406,588,390,480,196
ASV244,0,0,0,0,0,0,0,0,0,0,0,0,0,1,0,0,0,0,2,0,0,0,0,0
ASV1144,0,0,0,0,0,0,0,0,0,0,0,0,14,0,0,0,0,0,0,0,0,0,0,0
ASV1279,0,0,0,0,0,0,0,0,0,0,0,0,0,0,0,0,0,0,0,0,0,2,0,0
ASV289,10,11,8,9,8,4,10,9,9,8,3,18,11,11,10,21,7,0,0,0,4,7,8,14
ASV174,11,9,4,2,0,0,0,0,0,6,10,8,12,10,4,1,5,6,7,12,6,10,5,0
ASV679,0,0,0,0,0,0,0,0,0,0,0,0,2,0,0,0,0,0,0,0,0,0,0,0
ASV141,6,4,5,0,2,3,14,7,7,1,23,13,10,10,5,7,2,2,10,16,20,12,16,4
ASV897,5,1,4,7,6,3,0,5,2,2,5,2,0,0,0,0,0,0,0,0,0,0,0,0
ASV83,27,59,25,49,20,10,0,0,18,31,11,11,0,8,7,0,12,9,25,11,11,16,12,22
ASV103,0,0,0,2,0,5,12,0,6,6,5,11,9,3,0,2,0,6,12,5,2,4,0,10
ASV660,0,0,0,0,6,0,0,0,0,0,0,0,0,0,0,0,0,0,0,0,0,0,0,0
ASV974,0,0,0,0,0,0,0,0,0,0,0,0,0,0,0,0,0,0,0,0,0,0,0,6
ASV1043,0,0,0,0,0,0,0,0,0,0,0,0,0,5,0,0,0,0,0,0,0,0,0,0
ASV60,17,7,16,23,19,10,12,19,13,20,15,12,32,53,45,33,30,22,38,46,41,32,27,33
ASV19,0,0,0,0,0,0,0,0,0,0,0,0,78,16,19,27,15,25,140,17,22,9,9,0
ASV229,2,4,5,3,0,0,3,5,0,3,0,5,0,8,5,2,0,0,2,2,3,0,5,0
ASV426,0,0,0,0,0,0,0,0,0,0,0,0,0,0,0,0,4,3,0,0,0,1,0,0
ASV423,0,0,0,0,0,0,0,0,0,0,0,0,0,2,2,0,0,0,0,0,0,0,0,0
ASV1052,0,0,0,0,0,0,0,0,0,0,0,0,0,1,0,0,0,0,0,0,0,0,0,0
ASV1215,0,0,8,0,0,0,0,0,0,0,0,0,0,0,0,0,0,0,0,0,0,0,0,0
ASV18,72,76,81,81,81,63,96,75,79,80,92,103,43,58,62,78,51,104,155,120,134,130,114,128
ASV392,0,0,0,0,0,0,0,0,0,0,0,0,0,0,3,0,0,0,0,0,0,0,0,0
ASV307,0,0,0,0,0,0,0,0,0,0,0,0,0,0,8,0,0,0,0,0,0,0,0,0
ASV182,4,6,0,5,0,0,0,0,0,3,0,0,8,0,19,0,0,0,6,7,0,8,10,4
ASV236,2,1,0,0,0,0,0,4,0,0,0,4,1,2,0,0,0,0,2,0,0,0,0,0
ASV424,3,5,2,0,1,2,3,0,0,0,0,4,2,0,2,3,0,2,0,0,0,0,2,0
ASV1297,0,0,0,0,0,0,0,0,0,0,0,0,0,0,0,0,0,0,0,3,0,0,0,0
ASV1257,0,0,0,0,0,0,0,0,0,0,0,0,0,0,0,0,0,0,0,0,2,0,0,0
ASV1245,0,0,0,0,0,0,0,0,0,0,0,0,0,0,0,0,0,0,0,0,3,0,0,0
ASV1078,0,0,0,0,0,0,0,0,0,0,0,0,0,2,0,0,0,0,0,0,0,0,0,0
ASV1099,0,0,0,0,0,0,0,0,3,0,0,0,0,0,0,0,0,0,0,0,0,0,0,0
ASV549,0,1,0,0,0,0,0,0,0,0,0,0,0,0,0,0,0,0,0,0,0,0,0,0
ASV259,0,0,0,0,0,0,10,0,32,0,0,9,0,18,32,0,0,0,0,21,27,0,0,0
ASV111,8,27,16,8,21,17,14,26,12,25,20,20,19,40,27,13,8,25,14,18,8,8,12,13
ASV511,0,15,0,0,0,16,0,0,0,0,0,0,0,0,0,0,0,0,0,0,0,0,0,0
ASV1109,8,0,0,0,0,0,0,4,0,0,0,0,0,0,0,0,0,0,0,0,0,0,0,0
ASV1084,0,0,0,0,0,0,0,0,0,0,0,0,0,1,0,0,0,0,0,0,0,0,0,0
ASV991,6,0,0,0,0,0,0,0,0,0,0,0,0,8,0,0,0,6,0,0,0,0,0,0
ASV431,0,0,0,0,0,0,0,0,0,0,0,0,0,0,1,0,0,0,0,0,6,10,17,18
ASV1087,0,0,0,0,0,0,0,0,8,0,0,0,0,0,0,0,0,0,0,0,0,0,0,0
ASV246,0,0,0,0,0,0,0,0,0,0,0,0,0,0,0,3,0,0,2,0,0,0,0,0
ASV517,0,6,0,0,0,0,0,0,0,0,0,0,0,0,0,0,0,0,0,11,0,16,0,0
ASV1241,0,0,0,0,0,0,0,0,0,0,0,0,0,0,0,0,0,0,0,0,78,0,0,0
ASV547,1,0,2,0,0,0,0,0,0,0,0,0,3,3,0,0,0,0,0,0,0,0,0,0
ASV274,4,3,5,0,4,2,0,4,6,0,0,0,5,21,17,3,1,0,0,8,9,5,5,7
ASV1094,0,0,0,0,0,0,0,0,4,0,0,0,0,0,0,0,0,0,0,0,0,0,0,0
ASV923,0,0,0,0,8,0,0,0,0,0,0,0,0,0,0,0,0,0,0,8,0,0,0,0
ASV49,67,107,59,48,46,40,68,64,74,53,63,95,214,156,141,117,70,96,55,117,144,166,230,173
ASV1055,0,0,0,0,0,0,0,0,0,0,0,0,0,0,0,6,0,0,0,0,0,0,0,0
ASV1175,0,0,0,7,0,0,0,0,0,0,0,0,0,0,0,0,0,0,0,0,0,0,0,0
ASV1089,0,0,0,0,0,0,0,0,5,0,0,0,0,0,0,0,0,0,0,0,0,0,0,0
ASV981,0,0,0,0,0,0,0,0,0,0,0,0,1,0,0,0,2,0,0,0,3,2,0,2
ASV999,0,0,0,0,0,0,0,0,0,0,0,0,0,0,0,0,3,1,0,0,0,0,0,0
ASV127,18,24,31,7,19,25,13,17,11,16,12,17,17,14,16,8,10,17,10,8,20,11,14,9
ASV42,212,134,145,114,193,128,392,219,541,90,571,96,136,52,134,100,58,124,59,174,193,268,127,53
ASV56,40,115,58,38,51,99,51,128,93,70,104,207,111,112,94,62,30,62,38,55,61,35,62,47
ASV1231,0,3,0,0,0,0,0,0,0,0,0,0,0,0,0,0,0,0,0,0,0,0,0,0
ASV456,0,0,0,0,0,0,0,0,0,0,0,0,0,3,0,2,2,0,0,0,0,2,5,0
ASV271,4,5,5,1,3,6,6,5,7,3,4,6,14,9,22,12,7,2,0,3,3,3,8,6
ASV270,0,1,0,0,0,0,1,0,0,0,0,0,1,3,20,3,0,1,0,0,3,0,6,0
ASV1174,0,1,3,6,0,0,0,0,0,0,0,0,0,0,0,0,0,0,0,0,0,0,0,0
ASV1160,0,0,0,0,0,0,2,0,0,0,0,0,2,0,0,0,0,0,0,0,0,0,0,0
ASV402,0,0,0,0,5,0,0,0,0,0,0,0,0,0,2,0,0,0,0,0,0,0,0,0
ASV237,37,33,41,64,48,39,44,27,32,23,16,10,0,4,3,4,6,8,2,5,0,0,4,0
ASV1148,0,0,0,0,0,0,0,0,0,0,0,0,8,0,0,4,0,0,0,0,4,0,0,0
ASV37,47,24,25,41,35,20,10,15,32,42,16,14,18,27,31,40,49,39,67,50,54,81,63,45
ASV239,0,0,0,4,0,0,0,0,0,0,0,0,0,6,0,0,2,2,1,0,0,0,0,0
ASV70,38,34,63,68,43,44,80,74,94,45,82,100,24,36,45,37,22,40,33,50,27,21,41,34
ASV1263,0,0,0,0,0,0,3,0,0,0,0,0,0,0,0,0,0,0,0,0,0,0,0,0
ASV467,0,0,0,9,0,0,0,5,0,0,0,0,0,0,0,0,0,0,0,3,0,0,3,0
ASV1122,3,0,0,0,0,0,0,0,0,0,0,0,0,0,0,0,0,0,0,0,0,0,0,0
ASV538,3,0,0,0,0,0,0,0,0,0,0,0,0,0,0,0,0,0,0,0,0,0,0,0
ASV436,0,2,0,0,0,0,0,0,0,0,0,1,0,2,2,0,0,0,0,0,1,0,0,0
ASV197,14,10,10,10,15,6,3,4,14,8,11,9,14,14,7,7,9,9,4,7,6,5,9,5
ASV1222,0,0,0,0,0,0,0,0,0,0,0,0,0,0,0,0,0,0,0,0,1,0,0,0
ASV232,15,14,6,14,9,6,6,7,15,10,0,3,2,3,9,6,12,9,2,10,10,10,3,13
ASV973,0,0,0,0,0,0,0,0,0,0,0,0,0,0,0,0,0,0,0,0,0,0,0,8
ASV471,3,0,0,0,0,0,0,0,0,0,0,0,0,1,0,2,0,0,0,2,0,0,2,0
ASV522,0,0,0,0,0,0,0,0,0,0,0,0,0,4,0,0,0,0,0,0,0,0,0,0
ASV1080,0,0,0,0,0,0,0,0,0,0,0,0,0,2,0,0,0,0,0,0,0,0,0,0
ASV1010,0,0,0,0,0,1,0,0,0,0,0,0,0,0,0,0,0,0,0,0,0,0,0,0
ASV1101,0,0,0,0,0,0,0,0,2,0,0,0,0,0,0,0,0,0,0,0,0,0,0,0
ASV1154,0,0,0,0,0,0,0,0,0,0,0,0,2,0,0,1,0,0,0,0,0,0,0,0
ASV1284,0,0,0,0,0,0,0,0,0,0,0,3,0,0,0,0,0,0,0,0,0,0,0,0
ASV976,0,0,0,0,0,0,0,0,0,0,0,0,0,0,0,0,0,0,0,0,0,0,0,4
ASV1068,0,0,0,0,0,0,0,0,0,0,0,0,0,2,0,0,0,0,0,0,0,0,0,0
ASV343,10,0,4,0,8,2,0,0,0,0,0,0,0,0,5,0,0,0,0,0,0,0,0,0
ASV491,0,2,4,8,4,3,0,2,2,0,3,3,0,0,0,0,0,0,0,0,2,2,0,0
ASV16,0,11,10,20,0,18,83,92,62,27,91,203,597,28,9,21,26,13,177,94,130,37,34,29
ASV25,0,0,0,0,0,0,32,29,19,10,16,12,29,2,19,19,22,60,98,60,114,115,55,85
ASV571,0,0,0,0,0,0,0,0,0,0,0,0,0,0,0,0,2,0,0,0,0,0,0,0
ASV20,463,676,788,567,718,826,601,468,471,653,370,235,86,113,127,237,241,189,143,122,104,172,152,147
ASV326,7,8,0,7,3,6,10,9,0,8,9,10,0,4,4,8,11,18,0,9,6,6,7,5
ASV209,7,3,5,0,0,2,0,0,4,4,0,9,4,2,2,2,4,4,4,6,0,5,4,12
ASV213,16,2,9,3,12,8,20,5,8,4,14,9,10,18,23,20,19,14,3,20,28,23,14,12
ASV63,16,22,19,0,20,21,16,22,18,27,24,21,21,21,20,16,17,13,34,29,24,23,21,29
ASV159,57,51,59,32,49,52,25,23,31,35,32,49,27,30,32,26,26,16,7,9,7,11,13,8
ASV573,0,0,1,4,0,3,3,2,0,0,5,0,1,0,0,0,0,0,0,0,0,1,0,0
ASV264,18,28,8,0,12,14,4,0,6,7,3,4,2,8,22,34,5,0,0,4,3,4,12,0
ASV161,0,0,2,0,6,0,0,0,0,0,2,2,0,4,3,0,0,3,4,1,0,0,0,0
ASV1230,0,1,0,0,0,0,0,9,0,0,5,0,0,0,0,0,0,0,0,0,0,0,0,0
ASV415,0,0,0,0,0,0,0,0,0,0,0,0,0,0,2,2,0,0,0,0,0,0,0,0
ASV414,18,15,14,4,21,12,0,6,8,2,6,4,0,0,2,2,0,0,0,0,0,0,3,0
ASV459,1,0,2,0,0,0,2,0,0,0,0,0,3,2,0,2,2,0,0,0,1,5,3,6
ASV9,5,10,8,0,10,10,35,25,15,25,21,27,517,1342,1201,749,264,327,349,502,326,461,406,551
ASV733,6,4,0,0,8,0,0,0,0,0,0,0,0,0,0,11,0,0,0,0,0,0,0,0
ASV308,8,4,1,0,4,3,6,0,1,4,2,3,6,10,7,5,2,0,0,2,6,4,6,3
ASV1288,0,0,0,0,0,0,0,0,0,0,2,0,0,0,0,0,0,0,0,0,0,0,0,0
ASV941,3,0,0,0,3,0,0,0,0,0,0,0,3,0,0,0,0,0,0,0,0,0,0,0
ASV1211,0,0,0,0,0,0,0,0,0,0,0,0,0,0,0,0,2,0,0,0,0,0,0,0
ASV235,2,0,0,0,3,0,4,0,0,0,0,0,2,5,2,3,0,0,2,0,0,0,0,0
ASV949,0,0,0,0,3,0,0,0,0,5,0,0,0,0,0,0,0,0,0,0,0,0,0,0
ASV11,0,0,5,11,7,12,72,65,42,45,47,53,34,36,45,55,61,44,298,287,161,152,142,111
ASV248,0,0,0,0,0,0,0,3,0,2,0,0,0,0,1,0,0,0,2,0,0,0,0,0
ASV800,15,5,13,12,6,0,10,2,0,0,0,0,0,0,0,5,0,0,0,0,0,3,0,0
ASV323,0,0,0,0,0,0,0,0,0,0,0,0,0,0,6,0,0,0,0,0,1,0,0,3
ASV295,7,7,10,14,15,4,11,6,4,5,5,3,7,4,9,10,5,3,0,0,1,0,0,2
ASV588,0,0,0,0,0,0,0,0,0,0,0,0,0,0,0,0,0,0,0,0,0,14,0,0
ASV151,27,39,22,15,18,11,11,8,12,8,7,16,18,29,30,32,36,12,9,17,20,10,22,13
ASV315,0,0,0,0,0,0,0,0,0,0,0,0,0,0,8,0,0,0,0,0,0,0,0,0
ASV214,0,0,0,0,0,0,4,0,5,0,5,4,0,0,7,0,4,0,4,4,0,0,0,0
ASV1050,0,0,0,0,0,0,0,0,0,0,0,0,0,2,0,0,0,0,0,0,0,0,0,0
ASV1100,0,0,0,0,0,0,0,0,1,0,0,0,0,0,0,0,0,0,0,0,0,0,0,0
ASV203,0,0,0,1,0,0,1,0,2,2,3,2,0,1,1,2,1,4,4,2,0,1,0,0
ASV1028,0,0,0,0,0,0,0,0,0,2,0,0,0,0,0,0,0,0,0,0,3,0,0,0
ASV1261,0,0,0,0,0,0,6,0,0,0,0,0,0,0,0,0,0,0,0,0,0,0,0,0
ASV1201,0,0,0,0,0,0,0,0,0,0,0,0,0,0,0,0,2,0,0,0,0,0,0,0
ASV10,0,0,0,0,0,0,0,0,0,0,0,0,38,75,754,153,74,125,320,219,135,130,156,183
ASV73,32,17,33,37,38,27,16,25,26,27,23,16,40,24,41,16,24,16,30,24,13,33,21,18
ASV78,264,136,162,230,200,142,72,50,65,58,47,29,42,24,33,20,21,14,23,15,19,28,27,22
ASV268,9,0,21,0,6,12,20,0,24,19,38,21,22,18,20,16,16,0,0,0,0,13,16,0
ASV650,6,0,0,0,0,0,0,0,0,0,0,0,0,0,0,0,0,0,0,0,0,0,0,0
ASV155,0,0,0,0,0,0,0,0,0,0,0,0,0,0,0,14,63,60,8,8,5,5,8,9
ASV1176,0,0,0,6,0,0,0,0,0,0,0,0,0,0,0,0,0,0,0,0,0,0,0,0
ASV1143,0,0,0,0,0,0,0,0,0,0,0,0,17,0,0,0,0,0,0,0,0,0,0,0
ASV226,0,0,0,0,0,0,0,0,0,0,0,0,0,0,0,0,0,0,2,0,0,0,0,0
ASV331,5,4,7,0,6,5,4,4,8,0,0,4,6,9,6,5,0,6,0,4,4,0,3,0
ASV365,0,0,0,0,0,0,0,0,0,0,0,0,6,2,3,6,3,3,0,5,3,6,0,0
ASV464,12,0,7,5,14,3,0,4,6,0,7,0,0,5,0,5,0,3,0,0,5,0,4,0
ASV1268,0,0,0,0,0,0,1,0,0,0,0,0,0,0,0,0,0,0,0,0,0,0,0,0
ASV895,3,0,0,0,0,0,0,0,0,0,0,0,0,0,0,0,0,0,0,0,0,0,0,0
ASV898,11,4,8,10,10,5,3,0,4,4,5,3,2,4,0,3,2,0,0,5,5,5,0,0
ASV211,0,2,4,1,0,0,0,0,2,0,0,0,4,2,3,0,0,0,3,0,3,0,0,0
ASV92,140,155,142,146,134,130,72,119,117,109,98,125,41,59,75,52,53,53,19,50,57,69,47,47
ASV1114,2,2,2,0,0,0,0,0,0,0,0,0,0,0,0,0,0,0,0,0,0,0,0,0
ASV1253,0,0,0,0,0,0,0,0,0,0,0,0,0,0,0,0,0,0,0,0,2,0,0,0
ASV1233,0,2,0,0,0,0,0,0,0,0,0,0,0,0,0,0,0,0,0,0,0,0,0,0
ASV194,50,16,35,33,39,26,14,9,20,22,15,8,12,16,10,16,9,10,4,14,11,11,10,9
ASV1041,0,0,0,0,0,0,0,5,0,0,0,0,0,6,0,0,0,0,0,0,0,0,0,0
ASV262,113,109,82,118,112,74,48,109,62,52,70,38,52,19,29,29,0,17,0,0,0,24,0,0
ASV474,0,0,0,0,0,0,0,0,0,0,0,0,0,0,0,3,0,0,0,0,0,0,2,0
ASV1007,5,0,0,1,0,6,0,0,0,0,0,0,0,0,0,0,0,0,0,0,0,0,0,0
ASV57,71,49,43,68,68,32,30,38,52,64,46,56,62,99,144,148,84,115,35,63,46,79,49,48
ASV1277,0,0,0,0,0,0,0,0,0,0,0,0,0,0,0,0,0,0,0,0,0,1,0,0
ASV191,4,3,0,3,0,2,0,4,8,0,0,0,27,30,65,14,3,9,3,5,13,3,0,7
ASV125,29,16,18,18,17,16,10,6,7,8,5,5,15,12,43,117,124,45,11,10,24,31,35,26
ASV761,19,17,14,17,15,19,11,17,15,8,13,0,0,0,0,0,0,0,0,0,0,10,0,0
ASV956,1,0,5,0,3,0,0,0,0,0,0,0,0,0,0,0,0,0,0,0,0,0,0,0
ASV1164,0,0,0,0,0,0,0,0,0,0,0,0,1,0,0,0,0,0,0,0,0,0,0,0
ASV325,9,13,14,6,8,5,2,0,2,4,6,5,5,10,5,4,3,4,0,0,4,0,2,3
ASV240,0,0,0,0,2,0,0,7,8,0,15,0,17,21,28,25,9,10,2,12,0,12,0,0
ASV383,4,0,0,0,4,0,0,0,0,0,1,0,4,0,1,4,0,0,0,0,2,0,0,0
ASV210,0,0,0,0,0,0,0,0,0,0,0,0,0,0,0,0,0,0,3,0,0,0,0,0
ASV122,20,6,19,7,14,20,10,13,33,14,29,19,25,42,29,26,23,27,10,32,16,16,19,13
ASV1025,0,0,0,0,0,0,0,0,0,3,0,0,0,0,0,0,0,0,0,0,0,0,0,0
ASV178,119,115,155,171,248,91,36,97,72,42,30,41,22,6,5,26,42,26,6,18,25,27,24,38
ASV1187,0,0,0,2,0,0,2,0,0,0,0,2,0,0,0,0,0,0,0,0,2,0,0,0
ASV184,0,0,0,0,0,0,0,0,0,0,0,0,0,0,4,6,4,4,4,15,17,16,13,12
ASV1298,0,0,0,0,0,0,0,0,0,0,0,0,0,0,0,0,0,0,0,1,0,0,0,0
ASV1186,0,0,0,2,0,0,0,0,0,0,0,0,0,0,0,0,0,0,0,0,0,0,0,0
ASV931,0,0,0,0,5,8,0,0,0,0,0,4,4,0,0,0,0,0,0,0,8,0,0,8
ASV358,0,0,0,0,0,0,0,0,0,0,0,0,0,0,5,0,0,0,0,0,0,0,0,0
ASV380,0,3,5,0,0,0,0,0,0,6,0,3,3,0,2,0,0,4,0,0,6,0,3,0
ASV136,0,6,4,1,0,0,5,8,8,3,4,7,106,35,25,27,26,10,10,15,10,17,15,27
ASV558,0,0,0,0,0,0,0,0,1,0,0,0,0,0,0,0,0,0,0,3,1,2,0,0
ASV1133,2,0,0,0,0,0,0,0,0,0,0,0,0,0,0,0,0,0,0,0,0,0,0,0
ASV288,0,15,7,9,11,14,0,0,0,0,0,0,0,9,5,0,0,0,0,0,0,0,0,10
ASV1049,0,0,3,0,0,0,0,0,0,0,0,0,0,2,0,0,0,0,0,0,3,3,0,0
ASV3,204,220,223,226,251,257,213,273,302,317,299,343,114,136,151,151,296,649,1123,960,1040,947,1445,1307
ASV1234,0,2,0,0,0,0,0,0,0,0,0,0,0,0,0,0,0,0,0,0,0,0,0,0
ASV954,0,0,0,0,3,0,0,2,0,0,0,0,0,0,0,0,0,0,0,0,0,0,0,0
ASV340,0,0,0,0,0,0,0,0,0,0,0,0,5,14,3,3,0,0,0,0,0,0,0,0
ASV1194,0,0,0,0,0,0,0,0,0,0,0,0,0,0,0,0,5,0,0,0,0,0,0,0
ASV355,3,0,0,2,2,0,0,0,0,0,0,0,0,2,3,7,11,0,0,2,5,6,1,0
ASV324,0,0,0,0,0,0,0,0,0,2,0,0,12,3,5,0,0,0,0,0,0,0,4,9
ASV172,28,40,20,32,34,34,26,18,19,11,22,10,9,7,7,27,31,23,7,6,4,9,7,0
ASV336,3,4,0,0,6,0,4,0,0,4,0,0,5,3,4,3,0,3,0,0,6,0,4,3
ASV1273,0,0,0,0,0,0,0,0,0,0,0,0,0,0,0,0,0,0,0,0,0,6,0,0
ASV986,0,0,0,0,0,0,0,0,0,0,0,0,0,0,0,0,0,32,0,0,0,0,0,0
ASV1260,0,0,0,0,0,0,11,0,0,0,0,0,0,0,0,0,0,0,0,0,0,0,0,0
ASV152,13,7,5,9,0,11,0,11,7,9,0,8,16,18,12,22,10,7,8,12,9,15,16,13
ASV1019,0,0,0,7,0,0,0,0,0,5,0,0,0,0,0,0,0,0,0,0,0,0,0,0
ASV1293,0,0,0,0,0,0,0,0,0,0,2,0,0,0,0,0,0,0,0,0,0,0,0,0
ASV1039,0,0,0,0,0,0,0,0,0,0,0,0,0,5,0,0,0,0,0,0,0,0,0,0
ASV43,78,74,76,50,46,73,66,65,103,79,84,116,27,24,39,50,34,50,61,73,47,55,55,86
ASV487,0,0,0,0,0,0,0,0,0,0,0,0,0,0,0,8,13,22,0,8,0,5,1,0
ASV261,17,14,6,0,0,9,7,2,7,0,8,6,20,7,30,13,2,14,0,8,18,5,18,5
ASV935,0,1,0,0,4,0,0,0,0,0,0,0,0,0,0,0,0,0,0,0,0,0,0,0
ASV173,0,0,0,0,0,0,0,0,0,0,0,5,7,5,5,0,0,0,5,0,0,0,5,0
ASV375,0,0,0,0,0,0,0,0,0,0,0,0,0,0,3,0,0,0,0,0,0,0,0,0
ASV81,20,22,22,25,34,5,12,9,13,9,21,13,25,90,100,66,61,55,27,20,17,69,14,18
ASV1115,4,0,0,0,0,0,0,0,0,0,0,0,0,0,0,0,0,0,0,0,0,0,0,0
ASV294,2,3,0,0,1,0,0,5,4,0,2,4,7,1,10,5,5,3,0,4,3,3,2,0
ASV251,0,0,0,0,0,0,0,0,0,0,0,0,0,4,230,3,0,0,0,0,0,0,0,0
ASV946,0,1,0,0,1,0,2,0,0,0,0,0,0,0,0,0,0,0,0,0,1,0,0,0
ASV23,198,226,233,204,183,210,165,182,224,198,238,190,25,20,49,51,45,71,103,107,99,101,100,85
ASV22,0,0,0,0,0,0,0,0,0,0,0,0,63,65,0,0,82,0,116,135,127,135,161,165
ASV493,0,0,0,0,1,0,2,0,3,2,0,0,0,0,0,6,3,2,0,0,2,7,0,9
ASV448,0,0,0,0,0,0,0,0,0,0,0,0,0,0,0,0,0,0,0,0,0,0,9,0
ASV391,20,15,18,25,16,15,6,4,3,9,0,5,0,3,3,0,2,0,0,0,0,1,0,2
ASV1252,0,0,0,0,0,0,0,0,0,0,0,0,0,0,0,0,0,0,0,0,2,0,0,0
ASV367,0,0,0,0,0,0,0,0,0,0,0,0,0,0,3,0,0,0,0,0,0,0,0,0
ASV877,2,0,0,0,0,0,0,0,0,0,0,0,4,0,0,0,0,0,0,0,0,0,0,0
ASV28,308,332,428,364,341,394,225,328,408,381,341,362,48,55,88,111,53,111,81,109,98,129,124,125
ASV1158,0,0,0,0,0,0,0,0,0,0,0,0,3,0,0,0,0,0,0,0,0,0,0,0
ASV481,0,0,0,0,0,0,0,0,0,0,0,0,0,0,0,0,0,0,0,0,0,0,2,0
ASV50,190,99,146,71,115,90,107,112,131,35,104,77,106,193,178,113,87,109,50,198,188,160,119,94
ASV985,0,0,0,0,0,0,0,0,0,0,0,0,0,0,0,0,0,0,0,0,0,0,0,2
ASV1246,0,0,0,0,0,0,0,0,0,0,0,0,0,0,0,0,0,0,0,0,4,0,0,0
ASV273,11,5,7,0,3,2,13,2,8,0,8,2,20,10,16,4,4,7,0,7,14,3,8,8
ASV147,18,10,26,123,20,27,16,24,20,26,16,15,9,8,5,28,17,22,9,9,5,13,6,10
ASV997,0,0,0,0,0,0,0,0,0,0,0,0,0,0,0,0,0,3,0,0,0,0,0,0
ASV1213,0,0,0,0,0,0,0,0,0,0,0,0,0,0,0,0,2,0,0,0,0,0,0,0
ASV552,9,8,2,0,6,3,0,0,0,0,0,0,0,0,0,0,0,0,0,0,0,0,0,0
ASV1182,0,0,0,3,0,0,0,0,0,0,0,0,0,0,0,0,0,0,0,0,0,0,0,0
ASV427,0,0,0,0,0,0,0,0,0,0,0,0,0,0,1,0,0,0,0,0,0,0,0,0
ASV96,0,0,8,0,11,0,0,0,0,0,0,7,0,0,180,0,0,0,17,16,25,16,12,40
ASV479,0,0,0,0,0,0,0,0,3,0,0,0,0,0,0,0,0,0,0,0,0,0,2,0
ASV1065,0,0,0,0,0,0,2,0,0,0,0,0,0,2,0,0,0,0,0,2,1,3,0,0
ASV498,0,0,0,0,0,0,0,0,0,0,0,0,0,0,0,2,0,0,0,0,0,0,0,0
ASV551,5,0,2,0,0,0,1,0,3,0,0,0,0,0,0,0,0,0,0,0,0,0,0,0
ASV1165,0,0,0,0,0,0,0,0,0,0,0,0,2,0,0,0,0,0,0,0,0,0,0,0
ASV1030,0,0,0,0,0,0,0,3,0,0,0,0,0,78,0,0,0,0,0,3,0,0,0,0
ASV328,9,1,2,0,2,2,4,0,4,0,4,2,5,4,6,2,4,0,0,2,3,1,0,0
ASV1034,0,0,0,0,0,0,0,0,0,0,0,0,0,14,0,0,0,0,0,0,0,0,0,0
ASV1037,0,0,0,0,0,0,0,1,0,0,0,0,0,8,0,0,0,0,0,0,0,0,0,0
ASV1096,0,0,0,0,0,0,0,0,2,0,0,0,0,0,0,0,0,0,0,0,0,0,0,0
ASV1161,0,0,0,0,0,0,0,0,0,0,0,0,1,0,0,0,0,0,0,0,0,0,0,0
ASV238,0,0,0,0,0,0,0,0,0,0,0,0,1,0,2,0,0,0,1,0,0,0,0,0
ASV1009,2,5,2,0,0,3,0,0,0,4,0,0,0,3,0,0,0,0,0,0,0,3,0,0
ASV433,0,0,0,0,0,0,0,0,0,0,0,0,0,0,2,0,0,0,0,0,0,0,0,0
ASV1183,0,0,1,2,0,0,0,0,0,0,0,0,0,0,0,0,0,0,0,0,0,0,0,0
ASV401,6,0,3,1,5,0,0,0,0,0,0,0,0,0,3,0,0,0,0,0,0,3,2,0
ASV59,93,73,74,56,56,61,62,78,88,77,75,231,159,165,165,119,77,97,36,62,111,89,95,93
ASV1107,6,0,2,0,0,0,0,0,0,0,0,0,0,0,0,0,0,0,0,0,2,0,0,0
ASV223,16,10,9,3,10,8,4,9,5,0,0,0,19,58,48,4,11,9,3,6,11,13,12,6
ASV430,0,0,0,0,0,0,0,0,0,0,1,0,0,0,2,0,0,0,0,0,0,0,0,0
ASV418,0,0,0,0,0,0,0,0,0,0,0,0,0,0,2,0,0,0,0,0,0,0,0,0
ASV442,0,0,0,0,0,0,10,0,0,0,0,0,0,5,0,0,0,0,0,5,11,5,18,7
ASV93,273,155,179,213,223,123,62,72,100,86,67,74,170,183,119,128,87,71,19,46,36,41,29,18
ASV137,4,3,4,6,2,3,3,7,4,3,3,6,0,0,4,0,1,5,9,14,23,13,22,30
ASV298,0,9,0,0,0,0,0,0,0,0,0,9,0,0,9,0,0,0,0,0,7,0,0,0
ASV1131,1,2,0,0,0,0,0,0,0,0,0,0,0,0,0,0,0,0,0,0,0,0,0,0
ASV1063,0,1,0,0,0,0,4,0,0,0,0,0,0,3,0,0,0,0,0,0,0,0,0,0
ASV432,0,0,0,0,0,0,0,0,2,0,0,0,0,2,2,0,0,0,0,0,0,0,0,0
ASV1088,0,3,0,0,0,0,0,0,5,0,0,0,0,0,0,0,0,0,0,0,0,0,0,0
ASV1240,0,2,0,0,0,0,0,0,0,0,0,0,0,0,0,0,0,0,0,0,0,0,0,0
ASV485,0,2,0,0,0,1,0,9,0,1,2,0,6,1,0,4,0,0,0,2,3,0,2,0
ASV71,44,36,35,31,36,23,13,12,31,21,16,29,19,16,38,21,21,16,28,46,27,35,16,28
ASV1189,0,0,0,2,0,0,0,0,0,0,0,0,0,0,0,0,0,0,0,0,0,0,0,0
ASV468,0,0,0,0,0,0,0,0,0,0,0,0,0,0,0,0,0,0,0,0,0,0,3,0
ASV196,6,9,3,0,5,0,0,0,0,0,0,0,0,0,0,0,0,1,5,0,0,0,2,0
ASV458,0,0,1,4,0,3,0,0,2,0,1,3,0,0,0,0,0,0,0,0,4,6,4,4
ASV1239,0,2,0,0,0,0,0,0,0,0,0,0,0,0,0,0,0,0,0,0,0,0,0,0
ASV80,36,131,156,65,139,619,1078,312,562,185,700,147,167,334,1182,2249,2035,1817,28,42,137,88,151,61
ASV961,0,0,0,0,2,0,0,0,0,0,0,0,0,0,0,0,0,0,0,0,0,0,0,0
ASV68,31,35,29,21,32,23,33,24,38,37,30,38,66,96,85,79,93,69,33,78,109,31,66,71
ASV1195,0,0,0,0,0,0,0,0,0,0,0,0,0,0,0,0,4,0,0,0,0,0,0,0
ASV90,0,0,0,0,0,0,8,12,0,0,5,0,33,0,9,0,9,7,18,16,11,6,8,10
ASV360,2,0,0,0,0,0,0,0,0,0,0,0,0,0,2,0,0,0,0,0,0,0,0,0
ASV1243,0,0,0,0,0,0,0,0,0,0,0,0,0,0,0,0,0,0,0,0,5,0,0,0
ASV1309,0,0,0,0,0,0,0,0,0,0,0,0,0,0,0,3,0,0,0,0,0,0,0,0
ASV233,0,0,0,0,0,0,0,0,0,0,0,0,0,1,2,1,1,0,2,0,4,3,2,0
ASV335,0,0,0,0,0,0,0,0,0,0,0,0,22,0,4,4,8,3,0,0,0,0,0,0
ASV1085,0,0,0,0,0,0,0,0,0,0,0,0,0,2,0,0,0,0,0,0,0,0,0,0
ASV347,0,0,0,0,0,0,0,0,0,0,0,0,0,0,4,0,0,0,0,0,0,0,0,0
ASV135,0,0,0,0,0,0,0,0,0,0,0,0,11,3,1,0,0,0,10,3,0,0,0,0
ASV163,4,4,0,0,6,6,0,0,4,6,0,0,6,9,4,1,0,4,7,4,9,5,5,4
ASV1091,0,0,0,0,0,0,0,0,3,0,0,0,0,0,0,0,0,0,0,0,0,0,0,0
ASV443,11,11,8,0,0,9,9,0,0,0,0,16,0,22,0,0,0,0,0,0,22,0,20,13
ASV1221,0,0,1,0,0,0,0,0,0,0,0,0,0,0,0,0,0,0,0,0,0,0,0,0
ASV77,144,98,114,150,133,125,154,136,151,100,152,136,89,70,25,49,44,69,27,33,35,28,44,27
ASV441,0,0,0,0,0,0,0,0,0,0,0,0,0,11,0,0,0,0,0,0,0,0,26,0
ASV939,4,0,2,0,3,3,3,0,3,0,0,1,2,2,0,0,0,0,0,2,2,2,0,0
ASV1106,24,17,0,0,0,0,0,0,0,0,0,0,0,0,0,0,0,0,0,0,0,0,0,0
ASV980,0,0,0,0,0,0,0,0,0,0,0,0,2,0,0,2,0,0,0,0,2,0,0,3
ASV278,9,10,0,0,0,7,0,12,0,11,0,44,28,21,17,12,0,0,0,10,0,6,0,0
ASV1126,3,0,0,0,0,0,0,0,0,0,0,0,0,0,0,0,0,0,0,0,0,0,0,0
ASV44,6,1,2,5,7,6,47,55,36,23,29,16,27,7,21,12,21,50,58,42,38,35,35,56
ASV497,130,65,83,160,61,45,10,17,4,6,10,0,0,0,0,0,13,0,0,0,0,0,0,0
ASV990,0,0,0,0,0,0,0,0,0,0,0,0,0,0,0,0,0,4,0,0,0,0,0,0
ASV1005,28,0,0,0,0,13,0,0,12,0,0,0,0,0,0,0,0,0,0,0,0,0,0,0
ASV145,7,9,8,4,11,8,6,8,6,6,10,11,10,18,12,17,4,9,7,6,10,8,6,7
ASV1064,0,0,0,0,0,0,0,0,0,0,0,0,0,1,0,2,0,0,0,0,0,0,0,0
ASV1024,0,0,0,0,0,0,0,0,0,3,0,0,0,3,0,0,0,0,0,0,0,0,0,0
ASV563,0,0,0,0,6,0,0,0,7,0,0,0,5,0,0,0,0,0,0,0,1,4,0,6
ASV1002,0,0,0,1,0,0,0,0,0,0,0,0,0,0,0,0,0,2,0,0,0,2,0,0
ASV241,12,2,13,10,8,9,8,0,3,5,4,2,0,0,1,2,2,2,2,0,2,10,4,3
ASV160,10,12,8,10,10,8,8,5,7,17,12,7,6,5,15,10,6,5,8,7,7,4,6,0
ASV1120,2,0,0,0,0,0,0,0,0,0,0,0,0,0,0,0,0,0,0,0,0,0,0,0
ASV1111,6,0,0,0,0,0,0,0,0,0,0,0,0,0,0,0,0,0,0,0,0,0,0,0
ASV420,0,0,0,0,0,0,0,0,0,0,0,0,0,0,2,0,0,0,0,0,0,0,0,0
ASV460,0,0,1,6,0,2,6,2,3,0,0,7,0,0,0,2,0,0,0,3,0,6,3,4
ASV1202,0,0,0,0,0,0,0,0,0,0,0,0,0,0,0,0,2,0,0,0,0,0,0,0
ASV1061,0,0,0,0,0,0,0,0,0,0,0,0,0,2,0,0,0,0,0,0,0,0,0,0
ASV1306,0,0,0,0,0,0,0,0,0,0,0,0,0,0,0,3,0,0,0,0,0,0,0,0
ASV1036,0,0,0,0,0,0,0,0,0,0,0,0,0,10,0,0,0,0,0,0,0,0,0,0
ASV4,1727,1521,1568,1857,1728,1459,1330,1645,1629,2003,1668,1579,491,448,608,635,490,676,960,1086,906,1243,1064,1207
ASV1290,0,0,0,0,0,0,0,0,0,0,2,0,0,0,0,0,0,0,0,0,0,0,0,0
ASV1149,0,0,0,0,0,0,0,0,0,0,0,0,8,0,0,0,0,0,0,0,0,0,0,0
ASV537,4,3,11,14,6,11,2,4,2,5,6,3,0,0,0,2,0,0,0,0,0,0,0,0
ASV1209,0,0,0,0,0,0,0,0,0,0,0,0,0,0,0,0,1,0,0,0,0,0,0,0
ASV1283,0,0,0,0,0,0,0,0,0,0,0,3,0,0,0,0,0,0,0,0,0,0,0,0
ASV930,0,0,0,0,5,0,2,0,0,0,0,2,0,0,0,0,0,0,0,0,0,0,0,0
ASV425,0,0,0,0,0,0,0,0,0,0,0,0,0,0,1,0,0,0,0,0,0,2,0,0
ASV91,16,24,41,41,33,36,22,25,27,35,33,25,20,26,16,41,25,22,20,36,23,34,27,28
ASV1129,1,0,0,0,0,0,0,0,0,0,0,0,0,0,0,0,0,0,0,0,0,0,0,0
ASV419,2,0,0,0,0,0,3,0,5,0,0,0,2,0,2,0,2,0,0,3,1,1,2,0
ASV5,20,11,14,30,19,20,46,25,10,16,25,40,31,14,382,94,0,30,586,455,344,331,486,528
ASV85,34,46,44,15,29,37,28,38,25,49,41,68,48,63,35,31,23,48,24,24,44,16,42,64
ASV421,0,0,0,0,4,0,0,0,0,0,4,6,3,0,1,2,1,0,0,0,0,0,0,0
ASV1,6332,5066,6092,7458,5147,5313,5432,6083,6030,8800,6900,7072,5596,6177,4724,4918,4676,3814,6773,5739,4882,6116,5375,6098
ASV88,13,8,12,17,11,15,19,8,17,30,14,13,10,18,4,7,8,6,19,12,12,16,14,14
ASV516,0,0,0,0,0,0,0,0,0,0,1,0,5,0,0,0,0,0,0,0,0,0,0,0
ASV977,0,0,0,0,0,0,0,0,0,0,0,0,0,0,0,0,0,0,0,0,0,0,0,4
ASV569,0,0,2,0,2,0,0,0,0,0,3,0,0,0,0,2,0,0,0,0,0,0,0,0
ASV1292,0,0,0,0,0,0,0,0,0,0,2,0,0,0,0,0,0,0,0,0,0,0,0,0
ASV62,0,0,0,0,0,0,1,0,0,0,0,0,2,2,0,4,0,0,33,37,19,19,14,16
ASV30,0,0,0,0,0,0,81,69,60,47,43,55,50,47,65,38,58,78,76,45,50,62,63,62
ASV457,0,3,0,6,0,0,0,0,7,0,0,0,4,11,0,7,0,6,0,7,0,0,5,0
ASV1286,0,0,0,0,0,0,0,0,0,0,4,0,0,0,0,0,0,0,0,0,0,0,0,0
ASV51,33,39,20,15,27,16,20,27,28,45,32,27,35,68,44,46,23,28,52,29,38,32,43,37
ASV339,0,0,0,0,0,0,0,0,0,0,0,0,0,2,6,0,0,0,0,0,0,0,0,0
ASV428,0,0,0,0,0,0,0,0,0,0,0,0,0,0,1,0,0,0,0,0,0,0,0,0
ASV230,6,0,0,0,7,0,0,6,0,0,0,7,9,0,6,5,4,0,3,0,6,7,8,0
ASV1181,0,7,0,4,0,0,0,0,0,0,0,0,0,0,0,0,0,0,0,0,0,0,0,0
ASV1173,0,2,0,11,0,0,0,0,0,0,3,0,0,0,0,0,0,0,0,0,0,0,0,0
ASV279,21,24,10,0,0,15,18,18,20,0,0,16,47,20,15,14,0,17,0,26,45,26,39,0
ASV353,0,5,0,0,0,0,0,0,0,4,0,0,0,0,5,0,0,0,0,0,0,0,0,0
ASV101,6,4,4,5,10,10,10,11,20,5,15,17,28,44,34,21,12,18,13,40,31,16,19,13
ASV475,0,0,0,0,0,0,0,0,0,0,0,0,0,0,0,0,0,0,0,0,0,0,1,0
ASV75,5,0,3,10,2,1,0,0,6,0,2,0,0,3,0,2,0,0,27,0,3,0,0,0
ASV1082,0,0,0,0,0,0,0,0,0,0,0,0,0,1,0,0,0,0,0,0,0,0,0,0
ASV1192,0,0,0,0,0,0,2,0,0,0,0,0,0,0,0,6,6,0,0,0,0,0,0,0
ASV1289,0,0,0,0,0,0,0,0,0,0,3,0,0,0,0,0,0,0,0,0,0,0,0,0
ASV1128,1,0,0,0,0,0,0,0,0,0,0,0,0,0,0,0,0,0,0,0,0,0,0,0
ASV1015,0,5,0,0,0,0,0,0,0,0,0,0,0,0,0,0,0,0,0,0,0,0,0,0
ASV305,0,0,0,0,0,0,0,0,4,6,0,0,0,0,9,0,0,0,0,0,0,0,0,0
ASV550,0,0,0,0,0,0,0,0,0,0,0,0,0,0,0,1,0,0,0,0,0,2,0,0
ASV1033,0,0,0,0,0,0,0,0,0,0,0,0,27,20,0,0,0,0,0,0,0,0,0,0
ASV21,224,192,185,247,310,171,104,104,156,158,110,113,82,140,186,82,83,93,119,85,104,168,72,123
ASV1127,1,0,0,0,0,0,0,0,0,0,0,0,0,0,0,0,0,0,0,0,0,0,0,0
ASV972,0,0,0,0,0,0,0,0,0,0,0,4,0,4,0,24,4,8,0,0,0,0,0,14
ASV575,2,0,0,0,4,0,3,0,2,0,0,0,0,0,0,0,0,0,0,0,0,0,0,0
ASV29,137,100,120,67,101,83,93,139,105,112,96,298,179,210,202,147,91,121,85,88,153,109,104,132
ASV1237,0,1,0,0,0,0,0,0,0,0,0,0,0,0,0,0,0,0,0,0,0,0,0,0
ASV1117,2,0,0,0,0,0,0,0,0,0,0,0,0,0,0,0,0,0,0,0,0,0,0,0
ASV67,28,20,39,39,24,0,39,44,26,20,27,23,30,23,32,34,30,34,33,32,25,32,26,28
ASV404,0,0,0,0,0,0,0,0,0,0,0,0,3,0,2,0,0,0,0,0,0,0,0,0
ASV1170,0,0,0,0,0,0,0,0,0,0,0,0,2,0,0,0,0,0,0,0,0,0,0,0
ASV816,0,0,0,0,0,0,9,0,8,6,0,0,0,0,0,0,3,6,0,0,0,0,0,0
ASV164,2,6,3,0,5,0,7,5,2,4,6,6,5,4,0,2,7,6,8,3,4,1,4,2
ASV1012,0,0,0,0,0,3,0,0,0,0,0,0,0,0,0,0,0,0,0,0,0,0,0,0
ASV1232,0,4,0,0,0,0,0,0,0,0,0,0,0,0,0,0,0,0,0,0,0,0,0,0
ASV219,5,0,7,2,8,1,6,2,3,0,0,0,0,2,7,0,2,0,2,0,7,0,0,0
ASV379,0,0,0,0,0,0,0,0,0,0,0,0,0,0,2,0,3,0,0,3,0,0,0,0
ASV1156,0,0,0,0,0,0,0,0,0,0,0,0,5,0,0,0,0,0,0,0,0,0,0,0
ASV389,37,22,27,60,17,24,9,16,22,8,17,9,1,4,0,7,6,7,0,6,7,1,6,0
ASV477,0,0,0,0,0,0,0,0,0,0,0,0,0,0,0,0,0,0,0,0,0,0,2,0
ASV338,0,0,0,0,0,0,0,0,0,0,0,0,2,0,6,0,0,0,0,0,0,0,0,0
ASV312,13,16,17,13,13,23,3,12,11,6,10,9,8,5,7,0,0,0,0,0,0,0,0,0
ASV277,2,0,0,3,6,6,0,0,0,0,0,9,15,17,19,10,11,11,0,0,14,0,8,0
ASV1074,2,0,0,0,0,0,0,0,0,0,0,0,0,1,0,0,0,0,0,2,1,0,0,0
ASV1223,0,0,2,0,0,0,0,0,0,0,0,0,0,0,0,0,0,0,0,0,0,0,0,0
ASV1119,4,0,0,0,0,0,0,0,0,0,0,0,0,0,0,0,0,0,0,0,0,0,0,0
ASV530,0,0,0,0,0,6,0,0,0,0,0,0,0,0,0,0,0,0,0,0,0,0,0,0
ASV12,520,333,426,541,352,374,256,237,314,320,269,269,335,315,249,256,229,188,224,278,260,291,223,249
ASV566,0,0,0,0,0,0,0,0,2,0,0,0,0,0,0,0,0,0,0,0,0,0,0,0
ASV1151,0,0,0,0,0,0,0,0,0,0,0,2,5,0,0,0,0,0,0,0,0,0,0,0
ASV1314,0,0,0,0,0,0,0,0,0,0,0,0,0,0,0,2,0,0,0,0,0,0,0,0
ASV1152,0,0,6,0,0,0,0,0,0,0,0,0,4,0,0,0,0,0,0,7,0,0,0,0
ASV1141,0,0,0,0,0,0,7,0,0,0,0,0,22,0,0,0,0,0,0,0,0,0,0,0
ASV461,0,0,0,3,4,0,0,0,8,0,0,0,3,0,0,9,0,0,0,10,0,42,2,0
ASV253,0,0,0,0,0,0,0,0,0,0,0,0,0,12,47,65,133,39,0,0,0,0,0,2
ASV1204,0,0,0,0,0,0,0,0,0,0,0,0,0,0,0,3,2,0,0,0,0,0,0,0
ASV1132,2,0,0,1,0,0,0,0,0,0,0,1,0,0,0,0,0,0,0,0,0,0,0,0
ASV189,0,0,0,0,0,0,0,0,0,0,0,0,6,2,0,0,0,0,5,0,0,0,0,0
ASV313,0,2,2,11,12,2,24,0,3,2,8,4,19,5,10,7,0,0,0,12,1,3,9,4
ASV179,12,15,23,5,15,8,5,16,24,12,16,2,36,35,29,15,7,29,5,28,18,24,19,18
ASV48,0,0,0,0,0,0,0,0,0,0,0,0,0,0,4,8,12,14,56,33,36,34,37,21
ASV31,143,45,108,125,52,34,67,30,106,92,18,80,51,52,73,153,229,45,76,196,102,409,58,361
ASV1150,0,0,0,0,0,0,0,0,0,0,0,0,6,0,0,0,0,0,0,0,0,0,0,0
ASV1103,0,0,0,0,0,0,0,0,2,0,0,0,0,0,0,0,0,0,0,0,0,0,0,0
ASV374,0,0,0,0,0,0,0,0,0,0,0,0,0,0,2,0,0,0,0,0,0,0,0,0
ASV1264,0,0,0,0,0,0,3,0,0,0,0,0,0,0,0,0,0,0,0,0,0,0,0,0
ASV1254,0,0,0,0,0,0,0,0,0,0,0,0,0,0,0,0,0,0,0,0,1,0,0,0
ASV201,3,1,4,0,4,3,4,2,2,4,3,0,7,13,7,5,4,4,4,4,5,7,2,7
ASV224,0,0,0,0,0,0,0,0,0,0,0,0,0,0,0,0,0,0,2,0,0,0,0,0
ASV291,0,0,0,0,0,0,0,0,0,0,0,0,0,0,9,0,0,0,0,0,0,0,0,0
ASV925,0,3,3,0,6,2,0,0,0,0,0,3,0,0,0,0,0,0,0,0,0,0,0,0
ASV301,2,0,0,0,4,0,0,0,8,0,4,0,8,0,7,5,5,3,0,3,5,3,4,5
ASV348,0,0,0,0,2,2,2,0,0,3,0,0,3,1,2,0,0,0,0,0,0,3,0,0
ASV1102,0,0,0,0,0,0,0,0,2,0,0,0,0,0,0,0,0,0,0,0,0,0,0,0
ASV453,0,2,0,5,9,4,11,6,3,5,6,5,0,0,0,4,0,3,0,0,0,2,6,4
ASV496,2,7,4,0,2,0,0,2,0,0,0,0,0,0,0,0,2,0,0,0,0,2,0,0
ASV198,8,0,4,11,8,5,0,0,3,0,4,0,0,9,0,6,0,3,4,2,0,5,8,5
ASV115,11,0,10,9,1,3,0,4,0,0,0,6,14,15,11,16,8,6,15,8,5,13,17,18
ASV1040,0,0,0,0,0,0,0,0,0,0,0,0,11,6,0,0,0,0,0,0,0,0,0,0
ASV1163,0,0,0,0,0,0,0,0,0,0,0,0,1,0,0,0,0,0,0,0,0,0,0,0
ASV157,260,133,161,98,117,167,98,14,120,39,51,59,32,31,49,27,19,11,8,8,29,26,6,8
ASV156,13,7,16,16,16,11,12,9,17,7,8,10,2,0,3,3,6,6,5,6,4,6,4,0
ASV344,6,6,0,0,0,0,0,0,0,0,0,4,4,0,5,0,0,0,0,0,1,0,0,0
ASV978,0,0,0,0,0,0,0,0,0,0,0,0,0,0,0,0,0,0,0,0,0,0,0,4
ASV486,0,0,0,0,0,0,0,0,0,0,0,0,0,2,0,7,31,15,0,0,0,0,1,0
ASV951,0,0,1,0,3,0,0,0,0,0,0,0,0,3,0,0,0,3,0,0,0,0,0,0
ASV282,1,0,0,0,3,0,0,0,0,0,0,0,0,1,11,2,0,0,0,0,0,0,2,0
ASV265,36,29,25,11,19,28,15,20,14,14,14,22,9,17,19,9,17,9,0,12,11,7,7,11
ASV1169,0,0,0,0,0,0,0,0,0,0,0,0,1,0,0,0,0,0,0,0,0,0,0,0
ASV319,0,10,0,0,8,0,0,0,0,0,0,8,6,0,7,0,0,0,0,0,0,0,0,0
ASV234,0,1,2,0,2,1,0,0,0,3,0,0,2,0,0,0,0,0,2,3,0,0,0,0
ASV284,0,0,0,0,0,2,0,0,0,0,0,0,25,9,13,17,7,5,0,3,3,2,1,0
ASV395,0,3,5,1,8,0,0,0,0,4,0,0,2,0,1,0,0,1,0,3,5,0,0,0
ASV926,2,3,0,2,6,0,0,0,0,0,0,0,0,0,0,0,0,0,0,0,0,0,0,0
ASV302,7,0,0,0,10,0,0,0,0,9,6,9,0,10,9,0,0,7,0,10,9,5,0,0
ASV1216,0,1,6,0,0,0,0,0,0,0,0,0,0,0,0,0,0,0,0,0,0,0,0,0
ASV963,0,0,4,0,1,0,0,0,7,0,0,0,0,0,0,0,0,0,0,0,0,0,0,0
ASV920,8,18,9,4,13,13,3,0,0,11,12,9,7,0,0,9,7,0,0,0,0,0,0,12
ASV1083,0,0,0,0,0,0,0,0,0,0,0,0,0,2,0,0,0,0,0,0,0,0,0,0
ASV1291,0,0,0,0,0,0,0,0,0,0,2,0,0,0,0,0,0,0,0,0,0,0,0,0
ASV126,72,39,62,27,79,58,72,115,113,39,49,43,149,324,269,79,111,70,9,82,276,104,101,77
ASV1023,0,0,0,0,0,0,0,0,0,4,0,0,0,0,0,0,0,0,0,0,0,0,0,0
ASV285,4,14,5,2,11,14,9,16,8,8,11,9,5,6,13,7,4,6,0,5,9,4,14,8
ASV1310,0,0,0,0,0,0,0,0,0,0,0,0,0,0,0,1,0,0,0,0,0,0,0,0
ASV79,0,0,0,0,0,0,0,0,0,0,0,2,0,0,27,164,1008,590,22,16,3,6,9,0
ASV933,0,4,5,2,4,2,1,1,0,0,0,0,0,1,0,2,0,0,0,2,4,0,0,0
ASV470,0,1,0,0,4,5,0,2,0,2,3,4,2,1,0,0,0,2,0,3,4,0,3,3
ASV74,20,32,19,14,31,30,21,19,14,30,38,31,35,28,27,24,41,21,28,28,32,21,28,27
ASV369,0,0,0,0,0,0,0,0,0,0,0,0,0,1,3,3,0,0,0,0,0,0,0,0
ASV1168,0,0,0,0,0,0,0,0,0,0,0,0,2,0,0,0,0,0,0,0,0,0,0,0
ASV1113,4,0,0,0,0,0,0,0,0,0,0,0,0,0,0,7,0,0,0,0,0,0,0,0
ASV987,3,0,0,0,0,0,0,0,0,0,7,0,5,6,0,0,0,23,0,0,0,22,0,0
ASV245,5,0,0,0,1,0,0,3,0,0,0,1,7,8,6,7,4,0,2,3,7,15,0,0
ASV107,18,31,23,12,12,27,14,32,36,32,27,31,30,23,30,23,11,13,15,21,22,14,17,10
ASV438,0,0,0,0,0,0,0,0,0,0,1,0,0,2,1,0,0,0,0,2,0,0,0,0
ASV105,100,503,44,29,103,54,107,491,126,28,37,79,52,21,72,35,48,50,13,32,136,52,76,97
ASV1188,0,0,0,2,0,0,0,0,0,0,0,0,0,0,0,0,0,0,0,0,0,0,0,0
ASV165,3,9,4,10,8,10,8,13,6,9,11,13,12,7,16,7,6,7,7,10,15,10,0,14
ASV947,2,0,0,2,1,2,0,0,0,0,0,1,0,0,0,0,0,0,0,0,0,1,0,0
ASV993,0,0,0,0,0,0,0,0,0,0,0,0,0,0,0,4,0,4,0,0,0,0,0,0
ASV1086,0,0,7,8,0,0,0,15,9,0,9,0,0,0,0,0,0,0,0,9,6,0,0,0
ASV1090,0,0,0,0,0,0,0,0,3,0,0,0,0,0,0,0,0,0,0,0,0,0,0,0
ASV408,0,0,0,0,0,4,0,0,0,0,0,0,0,0,3,0,0,0,0,0,0,0,0,0
ASV297,0,0,0,0,2,2,0,0,0,0,0,0,0,0,10,1,0,0,0,0,0,0,0,0
ASV26,10,11,23,13,0,23,23,20,0,9,31,34,0,0,0,32,120,208,96,34,71,68,86,67
ASV1098,0,0,0,0,0,0,0,0,3,0,0,0,0,0,0,0,0,0,0,0,0,0,0,0
ASV434,0,0,0,0,0,0,0,0,0,0,0,0,0,0,1,0,0,0,0,0,0,0,0,0
ASV1305,0,0,0,0,0,0,0,0,0,0,0,0,0,0,0,1,0,0,0,0,0,0,0,0
ASV984,0,0,0,0,0,0,0,0,0,0,0,0,0,0,0,0,0,0,0,1,1,0,0,2
ASV231,94,173,128,12,85,75,14,13,11,19,27,12,4,0,5,13,11,3,1,0,0,0,4,0
ASV24,20,17,8,12,28,19,50,31,49,43,29,45,63,138,96,165,102,135,98,95,107,105,116,109
ASV61,0,0,0,0,0,0,0,0,0,0,0,0,4,0,0,0,7,5,34,36,40,53,42,57
ASV267,0,0,0,0,0,0,0,28,24,0,0,26,0,34,20,0,0,13,0,16,25,12,27,0
ASV252,0,0,0,0,0,0,0,0,0,0,0,0,3,114,216,36,0,1,0,0,0,0,0,0
ASV979,0,0,0,0,0,0,0,0,0,0,0,0,0,0,0,0,0,0,0,0,0,0,0,3
ASV770,0,0,0,0,0,0,0,0,0,0,0,0,0,0,0,1,0,0,0,0,0,0,0,0
ASV1138,2,0,0,0,0,0,0,0,0,0,0,0,0,0,0,0,0,0,0,0,0,0,0,0
ASV944,2,0,4,4,2,5,0,0,0,3,0,2,0,2,0,0,0,0,0,0,0,0,0,0
ASV356,3,5,0,0,0,0,0,0,0,0,1,0,0,0,3,2,0,0,0,1,0,0,4,0
ASV1296,0,0,0,0,0,0,0,0,0,0,0,0,0,0,0,0,0,0,0,4,0,0,0,0
ASV351,0,0,0,0,0,0,0,0,0,0,0,0,0,0,5,0,0,0,0,0,3,1,6,0
ASV352,2,3,0,0,0,0,0,0,0,0,0,2,3,5,4,3,0,0,0,2,0,0,6,0
ASV1112,5,2,3,2,0,0,0,0,0,0,0,0,3,0,0,2,0,0,0,0,0,1,0,0
ASV17,9,2,9,9,8,7,27,29,24,28,15,36,123,188,176,171,238,188,150,163,134,142,140,159
ASV416,0,0,0,0,0,0,0,0,0,0,0,0,0,1,1,0,0,0,0,0,0,0,0,0
ASV397,2,3,3,2,0,0,0,0,0,0,1,0,0,0,1,1,0,0,0,3,0,0,0,0
ASV13,0,2,0,0,0,3,14,10,4,0,9,23,86,153,86,50,36,26,212,135,95,48,28,23
ASV728,2,11,0,5,6,0,4,0,0,7,0,0,0,0,0,0,0,0,0,0,0,0,0,0
ASV1171,0,0,0,25,0,0,22,0,0,0,33,43,0,0,0,0,0,0,0,0,0,0,0,0
ASV1054,0,0,0,0,0,0,0,0,0,0,0,0,0,3,0,0,0,0,0,0,0,0,0,0
ASV1250,0,0,0,0,0,0,0,0,0,0,0,0,0,0,0,0,0,0,0,0,1,0,0,0
ASV370,12,8,7,7,9,0,0,0,7,0,6,0,0,0,1,3,5,0,0,0,0,0,0,0
ASV275,0,0,0,0,6,0,0,7,0,0,0,0,0,19,13,20,12,8,0,9,9,8,18,15
ASV334,27,12,22,16,13,12,3,5,0,0,5,9,4,0,4,7,6,8,0,3,0,3,1,0
ASV32,59,40,40,73,69,35,50,35,53,40,35,50,71,95,87,102,44,52,74,70,86,121,81,121
ASV1285,0,0,0,0,0,0,0,0,0,0,0,2,0,0,0,0,0,0,0,0,0,0,0,0
ASV350,11,6,11,12,4,6,6,4,0,0,0,4,0,0,3,5,0,0,0,0,0,0,0,0
ASV937,0,2,0,0,4,0,0,0,0,0,0,0,0,0,0,0,0,0,0,0,6,0,0,0
ASV716,0,3,0,0,0,0,0,0,0,0,0,0,0,0,0,0,0,0,0,0,0,0,0,0
ASV1032,0,0,0,0,0,0,0,0,0,0,0,0,0,30,0,0,0,0,0,0,0,0,0,0
ASV84,41,56,35,20,37,29,24,47,31,39,37,100,78,56,59,25,29,30,23,32,49,20,27,30
ASV1210,0,0,0,0,0,0,0,0,0,0,0,0,0,0,0,0,2,0,0,0,0,0,0,0
ASV38,82,43,43,96,99,42,37,32,58,61,37,48,52,104,98,112,55,49,61,65,73,128,109,118
ASV400,7,2,0,0,2,0,0,0,0,0,0,0,0,0,2,7,0,10,0,0,0,0,8,0
ASV377,0,0,0,0,0,0,0,0,0,0,0,0,0,0,4,0,0,0,0,0,0,0,0,0
ASV1123,1,0,2,0,0,0,0,0,0,0,0,0,0,0,0,0,0,0,0,0,0,0,0,0
ASV296,12,4,0,0,7,0,2,0,0,2,3,7,2,3,9,4,7,2,0,3,6,0,7,3
ASV1006,0,0,0,0,0,10,0,0,0,14,0,0,0,0,0,0,0,0,0,0,0,0,0,0
ASV2,43,85,78,65,73,120,538,279,263,157,345,573,2797,1440,795,762,2258,3800,3526,2069,1846,1512,1774,2354
ASV1229,0,4,0,0,0,0,0,0,0,0,0,0,0,0,0,0,0,0,0,0,0,0,0,0
ASV221,3,3,0,5,3,3,0,2,4,5,0,0,2,7,1,0,0,3,3,5,2,3,0,0
ASV1235,0,2,0,0,0,0,0,0,0,0,0,0,0,0,0,0,0,0,0,0,0,0,0,0
ASV417,1,0,0,0,0,0,0,0,0,0,0,2,0,0,1,4,0,0,0,0,3,2,0,2
ASV1299,0,0,0,0,0,0,0,0,0,0,0,0,0,0,0,0,0,0,0,3,0,0,0,0
ASV1042,0,1,0,0,0,0,0,2,0,0,0,0,5,2,0,0,0,0,0,0,0,0,0,0
ASV1244,0,0,0,0,0,0,0,0,0,0,0,0,0,0,0,0,0,0,0,0,2,0,0,0
ASV314,2,0,0,2,0,0,1,0,0,0,0,0,0,9,6,1,1,0,0,0,3,0,4,0
ASV1108,7,0,0,0,0,0,0,0,0,0,0,0,0,0,0,2,0,0,0,0,0,0,0,0
ASV1029,0,5,0,0,0,0,5,0,0,2,0,4,0,0,0,0,1,0,0,2,0,0,0,0
ASV409,0,0,0,0,0,0,0,0,0,0,0,0,0,0,2,0,0,2,0,0,0,0,0,0
ASV451,1,6,5,2,3,0,0,3,8,0,0,0,1,1,0,9,3,3,0,4,0,3,6,0
ASV546,0,0,0,0,0,1,0,0,0,0,0,0,0,0,0,0,0,0,0,0,0,0,0,0
ASV1205,0,0,0,0,0,0,0,0,0,0,0,0,0,0,0,0,1,0,0,0,0,0,0,0
ASV919,24,0,17,16,24,0,0,0,0,0,0,0,0,0,0,0,16,0,0,0,0,0,0,0
ASV922,4,3,11,9,10,6,0,3,0,0,5,0,0,0,0,0,0,0,0,0,0,0,0,0
ASV1072,0,0,0,0,0,0,0,0,0,0,0,0,0,2,0,0,0,0,0,0,0,0,0,0
ASV304,0,0,0,0,0,0,5,0,14,0,6,0,7,3,5,0,4,0,0,3,5,0,4,0
ASV1227,0,9,0,0,0,0,0,0,0,0,0,0,0,0,0,0,0,0,0,0,0,0,0,0
ASV983,0,0,0,0,0,0,2,0,0,0,0,0,0,0,0,0,0,0,0,0,0,0,0,2
ASV1274,0,0,0,0,0,0,0,0,0,0,0,0,0,0,0,0,0,0,0,0,0,3,0,0
ASV106,0,0,0,5,8,0,16,5,0,10,5,23,7,6,15,10,17,27,15,11,0,18,0,10
ASV1013,0,0,0,0,0,2,0,0,0,0,0,0,0,0,0,0,0,0,0,0,0,2,0,0
ASV469,1,0,0,0,0,0,0,2,3,0,0,0,4,2,0,0,0,0,0,2,0,0,2,0
ASV1110,6,0,2,4,0,0,0,0,0,0,0,0,0,0,0,0,0,0,0,0,0,0,0,0
ASV148,0,0,0,0,0,0,4,2,0,0,4,10,0,0,0,0,0,6,8,11,13,4,9,2
ASV169,10,15,8,3,9,6,4,9,2,11,4,21,15,18,16,12,8,6,5,2,8,0,9,11
ASV1121,3,0,0,2,0,0,0,0,0,0,0,0,0,0,0,0,0,0,0,0,0,0,0,0
ASV1067,0,0,0,0,0,0,0,0,0,0,0,0,0,2,0,0,0,0,0,0,0,0,0,0
ASV330,14,35,4,0,4,4,4,0,0,13,5,0,0,0,6,10,12,3,0,1,3,2,1,0
ASV133,35,17,19,52,19,19,15,14,14,12,20,12,14,20,24,14,11,10,10,18,24,16,17,2
ASV1093,0,0,0,2,0,0,0,0,3,0,0,0,0,0,0,0,0,0,0,0,0,0,0,0
ASV1282,0,0,0,0,0,0,0,0,0,0,0,21,0,0,0,0,0,0,0,0,0,0,0,0
ASV176,11,6,30,15,31,7,6,23,0,5,11,0,11,17,26,20,23,7,5,11,21,17,11,19
ASV1157,0,0,0,0,0,0,0,0,0,0,0,0,3,0,0,0,0,0,0,0,0,0,0,0
ASV1017,0,1,0,0,0,2,0,2,0,0,0,0,2,2,0,0,0,0,0,2,0,0,0,0
ASV1308,0,0,0,0,0,0,0,0,0,0,0,0,0,0,0,4,0,0,0,0,0,0,0,0
ASV510,0,0,0,0,0,0,0,0,0,0,0,0,2,2,0,0,0,0,0,0,0,0,0,0
ASV329,2,4,4,0,6,0,2,6,0,0,3,2,0,4,6,0,0,0,0,0,3,0,3,0
ASV1249,0,0,0,0,0,0,0,0,0,0,0,0,0,0,0,0,0,0,0,0,2,1,0,0
ASV429,0,0,3,1,3,0,0,0,3,2,0,0,0,0,0,0,0,2,0,0,4,0,0,0
ASV1070,0,2,0,0,0,0,0,0,4,0,2,0,2,0,0,0,2,0,0,0,3,1,0,0
ASV943,0,0,0,0,2,0,0,0,0,0,0,0,0,0,0,0,0,0,0,0,0,0,0,0
ASV996,0,0,0,2,0,0,0,0,0,0,0,0,0,0,0,0,2,3,0,0,0,0,0,0
ASV217,2,0,0,0,0,0,2,0,0,0,0,0,0,0,0,0,0,0,2,0,0,0,0,0
ASV33,72,148,81,51,79,104,73,128,80,81,100,126,142,194,117,88,78,84,70,94,102,63,76,68
ASV299,3,0,0,0,0,0,0,0,8,0,0,0,3,8,7,7,0,6,0,5,5,0,6,0
ASV806,0,2,0,0,5,3,4,3,0,0,0,0,0,0,0,0,0,0,0,0,0,0,0,0
ASV128,12,9,10,11,16,13,9,7,7,10,9,10,8,9,7,6,9,4,10,10,10,9,5,5
ASV342,0,0,0,0,0,0,0,0,0,2,1,0,4,0,4,6,0,0,0,4,0,0,4,0
ASV58,32,32,29,31,51,39,27,27,37,43,28,39,26,48,52,54,28,34,34,42,58,29,47,35
ASV228,2,1,4,2,0,4,0,8,5,3,5,5,6,0,1,6,2,3,3,0,4,1,2,0
ASV1044,0,0,0,0,0,0,0,0,0,0,0,0,0,5,0,6,0,0,0,0,0,0,0,0
ASV175,0,3,0,0,0,0,0,0,0,0,0,0,0,4,0,0,6,0,6,6,0,0,4,0
ASV1135,2,0,0,0,0,0,0,0,0,0,0,0,0,0,0,0,0,0,0,0,0,0,0,0
ASV187,8,3,3,10,0,2,2,0,0,0,0,3,5,9,16,12,9,9,5,11,9,6,2,3
ASV1294,0,0,0,0,0,0,0,0,0,0,0,0,0,0,0,0,0,0,0,4,0,0,0,0
ASV412,10,5,6,5,5,8,7,0,10,4,0,7,0,0,3,8,0,3,0,0,5,0,0,3
ASV188,5,0,0,10,4,2,0,0,0,2,0,0,0,0,0,0,2,0,5,0,0,0,0,0
ASV1053,0,0,0,0,0,0,3,0,0,0,0,0,0,2,0,0,0,0,0,0,0,0,0,0
ASV444,0,0,0,0,0,0,0,0,0,0,0,0,0,1,0,27,18,20,0,0,0,8,17,0
ASV139,208,155,243,108,177,206,181,232,217,155,178,167,163,201,94,70,43,40,7,35,23,25,37,18
ASV478,0,0,0,0,0,0,0,0,0,0,0,0,2,12,0,3,0,8,0,1,8,2,2,0
ASV15,1584,1545,1724,493,2776,2035,783,1005,848,562,1449,705,829,489,663,1884,1440,155,174,807,781,692,1217,330
ASV183,8,0,0,0,7,4,0,7,0,0,9,9,4,8,6,4,0,0,5,0,5,14,0,0
ASV378,9,2,5,6,8,0,4,0,5,0,3,0,0,2,3,0,0,2,0,2,0,3,0,3
ASV1004,0,5,3,0,0,13,0,12,8,0,0,0,0,0,0,0,0,0,0,0,0,0,0,0
ASV207,0,3,0,0,0,0,0,0,0,0,0,0,0,0,0,0,0,0,3,0,0,0,0,0
ASV1295,0,0,0,0,0,0,0,0,0,0,0,0,0,0,0,0,0,0,0,2,0,0,0,0
ASV1180,0,0,0,5,0,0,0,0,0,0,0,0,0,0,0,0,0,0,0,0,0,0,0,0
ASV1076,0,0,0,0,0,0,0,0,0,0,0,0,0,2,0,0,0,0,0,0,0,0,0,0
ASV144,6,0,16,5,4,0,0,0,9,7,1,0,8,12,4,14,10,7,9,15,9,11,7,4
ASV1315,0,0,0,0,0,0,0,0,0,0,0,0,0,0,0,2,0,0,0,0,0,0,0,0
ASV1307,0,0,0,0,0,0,0,0,0,0,0,0,0,0,0,3,0,0,0,0,0,0,0,0
ASV506,8,12,11,8,14,7,17,0,0,0,12,9,0,7,0,0,0,0,0,7,0,0,0,0
ASV98,0,28,0,0,0,0,0,23,0,0,0,31,37,34,21,0,19,0,15,0,30,20,21,0
ASV100,20,26,23,37,28,25,42,54,45,24,34,38,9,14,7,9,10,31,17,30,38,40,31,27
ASV970,0,0,0,0,0,0,0,0,0,0,0,0,0,0,0,4,0,0,0,0,0,0,0,22
ASV1139,1,0,0,0,0,0,0,0,0,0,0,0,0,0,0,0,0,0,0,0,0,0,0,0
ASV1280,0,0,0,0,0,0,0,0,0,0,0,0,0,0,0,0,0,0,0,0,0,1,0,0
ASV1287,0,0,0,0,0,0,0,0,0,0,5,0,0,0,0,0,0,0,0,0,0,0,0,0
ASV220,0,3,4,10,6,0,5,0,5,6,0,8,0,0,1,3,0,0,3,0,0,0,0,9
ASV1038,0,0,0,0,0,0,0,0,0,0,0,3,0,8,0,0,0,0,0,0,0,0,0,0
ASV1208,0,0,0,0,0,0,0,0,0,0,0,0,0,0,0,0,1,0,0,0,0,0,0,0
ASV953,0,0,0,0,1,0,2,0,0,0,0,0,0,6,0,0,0,0,0,0,0,2,0,0
ASV1200,0,0,0,0,0,0,0,0,0,0,0,0,0,0,0,0,1,0,0,0,0,0,0,0
ASV1278,0,0,0,0,0,0,0,0,0,0,0,0,0,0,0,0,0,0,0,0,0,1,0,0
ASV300,24,12,30,31,51,18,5,3,8,0,0,5,3,5,6,0,5,5,0,3,4,2,0,0
ASV968,0,0,141,230,0,0,0,0,128,242,0,273,0,0,0,163,0,0,0,0,124,187,0,252
ASV116,0,0,0,0,0,0,0,9,4,10,11,8,15,7,3,18,13,12,13,9,34,25,44,72
ASV1256,0,0,0,0,0,0,0,0,0,0,0,0,0,0,0,0,0,0,0,0,1,0,0,0
ASV1051,0,0,0,0,0,0,0,0,0,0,0,0,0,1,0,0,0,0,0,0,0,0,0,0
ASV190,99,410,266,349,114,455,97,125,64,108,79,53,19,2,3,12,21,11,4,3,0,0,4,0
ASV333,0,0,0,0,0,0,0,0,0,0,0,0,0,0,5,0,0,0,0,0,0,0,0,0
ASV41,42,39,44,24,38,43,29,36,29,39,36,43,61,47,63,63,107,51,63,56,106,81,69,69
ASV967,0,0,0,0,0,315,0,0,0,0,0,412,0,0,0,0,0,232,0,0,0,0,0,364
ASV311,0,9,0,3,3,2,5,9,0,0,0,0,0,2,7,2,9,0,0,0,0,0,0,0
ASV1198,0,0,0,0,0,0,0,0,0,0,0,0,0,0,0,13,4,0,0,0,0,0,0,0
ASV413,0,0,0,0,0,0,0,0,0,0,0,0,4,0,2,0,2,0,0,0,0,0,0,0
ASV154,28,57,32,42,38,45,28,42,18,34,34,15,5,0,12,9,7,11,6,10,0,9,0,0
ASV1075,0,0,0,0,0,0,0,0,0,0,0,0,0,2,0,0,2,0,0,0,0,0,0,0
ASV1058,0,0,0,0,0,0,0,0,0,0,0,0,0,4,0,6,0,0,0,0,0,0,0,0
ASV1060,0,0,0,0,0,0,0,0,0,0,0,0,0,3,0,0,0,0,0,0,0,0,0,0
ASV992,18,13,0,8,0,12,0,6,0,0,5,0,0,0,0,10,5,3,0,3,5,2,0,0
ASV484,0,0,0,0,2,0,0,0,0,0,0,0,0,0,0,0,0,0,0,0,0,0,2,0
ASV345,0,0,0,0,0,0,0,0,0,0,0,0,5,0,4,0,0,0,0,0,0,0,0,0
ASV89,14,44,19,17,24,30,16,41,28,28,25,31,45,48,34,26,20,18,19,25,19,17,21,18
ASV945,0,0,0,0,2,0,0,0,4,0,0,93,0,0,0,0,25,5,0,0,0,0,0,0
ASV805,0,0,0,4,0,0,4,0,0,0,0,0,0,8,0,0,0,0,0,0,0,0,0,0
ASV969,0,0,0,0,0,0,0,0,0,0,0,0,0,0,0,0,0,0,0,0,0,0,0,26
ASV929,0,0,0,0,6,0,2,0,0,0,0,0,0,0,0,0,0,0,0,0,0,0,0,0
ASV357,0,0,0,0,0,0,0,0,0,0,0,0,0,3,4,4,6,3,0,0,0,0,2,2
ASV181,0,3,2,0,0,0,0,0,0,0,0,0,2,2,3,0,4,6,6,0,7,4,0,3
ASV1000,0,0,0,0,0,0,0,0,0,0,0,0,0,0,0,0,0,1,0,0,0,0,0,0
ASV1021,5,3,0,0,0,0,0,0,0,5,2,0,0,2,0,3,0,0,0,2,0,0,0,0
ASV364,0,0,0,0,0,0,0,0,0,0,0,0,0,9,2,2,1,0,0,2,1,0,1,0
ASV54,481,210,321,433,547,254,129,93,218,110,95,92,156,111,173,161,94,77,46,72,86,84,73,77
ASV1300,0,0,0,0,0,0,0,0,0,0,0,0,0,0,0,0,0,0,0,1,0,0,0,0
ASV1147,0,0,0,0,0,0,0,0,0,0,0,0,10,0,0,0,0,0,0,0,0,0,0,0
ASV483,0,0,0,0,0,0,0,0,0,0,0,0,0,0,0,0,0,0,0,0,0,0,2,0
ASV286,0,0,0,0,0,0,0,0,0,0,0,0,0,0,13,0,0,0,0,0,0,0,0,0
ASV280,0,0,0,0,0,0,0,0,0,0,0,0,0,0,14,6,5,0,0,0,0,0,0,19
ASV281,0,0,0,0,0,0,0,0,0,0,0,0,0,0,16,0,0,0,0,0,0,0,0,0
ASV385,10,8,13,8,14,9,3,5,4,0,9,9,0,0,4,0,0,0,0,0,5,1,0,3
ASV366,0,0,0,0,0,0,0,0,0,0,0,0,0,2,3,3,0,0,0,5,5,0,5,0
ASV439,0,0,0,0,0,0,0,0,2,1,1,0,0,1,1,1,0,0,0,0,0,0,0,0
ASV455,2,5,3,0,2,0,0,3,5,0,8,2,0,0,0,0,4,1,0,0,0,1,5,0
ASV994,0,0,0,0,0,0,0,0,0,0,0,0,0,0,0,0,0,3,0,0,0,0,0,0
ASV965,2,0,0,0,1,0,0,0,2,0,0,0,0,0,0,0,0,0,0,0,0,0,0,0
ASV1302,0,0,0,0,0,0,0,0,0,0,0,0,0,0,0,11,0,0,0,0,0,0,0,0
ASV53,48,34,66,28,46,14,20,47,53,44,37,44,70,175,70,49,33,76,48,94,86,63,99,33
ASV394,1,3,0,0,4,0,0,0,0,0,0,2,0,0,3,3,9,0,0,0,0,0,0,0
ASV393,2,0,0,0,0,0,0,0,0,0,0,0,2,0,2,0,0,2,0,0,0,0,2,0
ASV924,0,0,5,0,8,0,0,0,0,0,0,0,0,6,0,0,0,0,0,0,0,0,0,0
ASV1153,0,0,0,0,0,0,0,0,0,0,0,0,3,0,0,0,0,0,0,0,0,0,0,0
ASV162,7,8,6,6,0,3,2,2,8,13,2,2,6,15,10,5,6,5,6,6,4,3,12,3
ASV204,8,1,6,4,5,1,0,3,4,5,3,0,2,0,2,3,2,3,4,8,3,2,4,4
ASV406,6,4,3,8,4,4,4,5,5,0,5,6,0,0,2,4,0,0,0,3,0,0,0,0
ASV1224,0,0,1,0,0,0,0,0,0,0,0,0,0,0,0,0,0,0,0,0,0,0,0,0
ASV1155,0,3,0,0,0,0,0,0,0,0,0,0,4,0,0,0,0,0,0,0,0,0,0,0
ASV1104,0,0,0,0,0,0,0,0,1,0,0,0,0,0,0,0,0,0,0,0,0,0,0,0
ASV1140,0,0,0,0,0,0,0,0,0,0,0,0,37,0,0,0,0,0,0,0,0,0,0,0
ASV260,16,35,21,22,26,34,40,36,23,30,41,66,23,37,29,24,19,19,0,13,38,34,28,34
ASV1162,0,0,0,0,0,0,0,0,0,0,0,0,2,0,0,0,0,0,0,0,0,0,0,0
ASV1248,0,0,0,0,0,0,0,0,0,0,0,0,0,0,0,0,0,0,0,0,3,0,0,0
ASV1146,0,0,0,0,0,0,0,0,0,0,0,0,10,0,0,0,0,0,0,0,0,0,0,0
ASV292,0,0,0,0,0,0,0,0,0,0,0,0,0,0,9,0,0,0,0,0,0,0,0,0
ASV327,0,0,0,0,0,0,0,3,4,0,0,0,0,0,7,2,2,0,0,0,0,0,0,0
ASV131,29,37,15,5,14,17,37,31,30,23,23,92,54,57,68,29,26,32,8,26,28,22,44,19
ASV466,0,0,3,0,0,2,0,0,2,0,0,2,2,5,0,5,3,0,0,0,6,6,2,2
ASV6,0,0,0,4,0,0,11,7,8,5,15,25,37,42,46,237,318,256,479,465,419,326,361,305
ASV177,42,28,31,24,42,16,13,9,17,10,10,12,17,19,21,15,10,8,7,9,8,8,19,0
ASV1118,2,0,0,0,0,0,0,0,0,0,0,0,0,0,0,0,0,0,0,0,0,0,0,0
ASV975,0,0,0,0,0,0,0,0,0,0,0,0,0,0,0,0,3,2,0,0,0,0,0,5
ASV283,0,0,0,0,0,6,6,0,19,0,10,10,6,11,15,8,4,4,0,0,0,0,2,0
ASV320,0,0,0,0,0,0,0,0,0,0,0,0,0,0,7,0,0,0,0,0,0,0,0,0
ASV1219,0,1,1,0,0,0,0,0,0,0,0,0,0,0,0,0,0,0,0,0,0,0,0,0
ASV1095,0,0,0,0,0,0,0,0,3,0,0,0,0,0,0,0,0,0,0,0,0,0,0,0
ASV1217,0,0,1,0,0,0,0,0,0,0,0,0,0,0,0,0,0,0,0,0,0,0,0,0
ASV1196,0,0,0,0,0,0,0,0,0,0,0,0,0,0,0,0,3,0,0,0,0,0,0,0
ASV45,67,49,62,62,81,39,55,53,54,69,83,64,59,72,68,70,44,46,56,61,54,53,49,40
ASV368,0,2,0,0,0,1,0,0,0,0,0,0,0,0,5,0,0,0,0,0,0,0,0,0
ASV317,0,0,0,0,0,0,0,0,2,0,0,0,5,0,8,0,0,0,0,0,0,0,0,0
ASV250,0,0,0,0,0,0,4,0,0,0,0,2,0,3,2,4,0,0,2,0,0,0,0,0
ASV306,0,0,0,0,0,0,0,0,0,0,0,7,0,0,9,0,8,0,0,0,0,0,0,0
ASV134,12,29,14,9,10,22,13,54,27,23,31,62,27,38,33,23,11,14,11,14,26,18,26,11
ASV966,0,0,0,0,1,0,0,0,0,0,0,0,0,0,0,0,0,0,0,0,0,0,0,0
ASV988,0,0,0,0,0,0,0,0,0,0,0,0,0,0,0,0,0,6,0,0,0,0,0,0
ASV1218,0,0,2,0,0,0,0,0,0,0,0,0,0,0,0,0,0,0,0,0,0,0,0,0
ASV398,0,0,2,0,0,0,0,0,0,0,0,0,11,5,2,0,0,0,0,0,0,0,0,0
ASV354,6,0,3,10,9,7,0,0,0,0,0,6,3,3,2,3,0,0,0,0,0,0,0,2
ASV150,10,13,8,4,5,3,0,5,9,5,10,0,6,7,8,14,5,3,8,3,11,7,4,10
ASV1238,0,1,0,0,0,0,0,0,0,0,0,0,0,0,0,0,0,0,0,0,0,0,0,0
ASV99,13,31,26,38,30,24,42,30,34,21,25,29,19,29,20,25,22,38,15,18,15,14,16,5
ASV1212,0,0,0,0,0,0,0,0,0,0,0,0,0,0,0,0,1,0,0,0,0,0,0,0
ASV1047,0,0,0,0,0,0,0,0,0,0,0,0,0,3,0,0,0,0,0,0,0,0,0,0
ASV449,0,0,0,0,0,0,0,0,0,0,0,0,0,0,0,0,0,0,0,0,0,0,7,0
ASV390,4,1,3,2,0,0,0,0,0,0,0,1,0,1,2,0,1,0,0,0,0,0,0,0
ASV1193,0,0,0,0,0,0,0,0,0,0,0,0,0,0,0,2,3,0,0,3,0,0,0,0
ASV46,104,113,113,90,73,128,96,140,152,59,115,110,30,83,122,89,89,88,58,94,89,87,64,31
ASV1259,0,0,0,0,0,0,93,0,0,0,0,0,0,0,0,0,0,0,0,0,0,0,0,0
ASV476,0,0,0,0,0,0,0,0,0,0,0,0,1,1,0,2,1,0,0,0,0,0,1,0
ASV529,0,0,0,0,0,0,0,0,0,0,0,0,0,0,0,0,4,0,0,0,0,0,0,0
ASV1220,0,0,3,0,0,0,0,0,0,0,0,0,0,0,0,0,0,0,0,0,0,0,0,0
ASV1056,0,0,0,0,0,0,0,0,0,0,0,0,0,1,0,0,0,0,0,0,0,0,0,0
ASV346,3,0,4,0,0,7,4,8,0,0,3,0,0,3,2,2,4,0,0,4,4,0,7,0
ASV1275,0,0,0,0,0,0,0,0,0,0,0,0,0,0,0,0,0,0,0,0,0,3,0,0
ASV982,0,0,0,0,0,0,0,0,0,0,0,0,0,0,0,0,0,0,0,0,0,0,0,2
ASV1014,0,0,0,0,0,3,0,0,0,0,0,0,0,0,0,0,0,0,0,0,0,0,0,0
ASV1116,3,0,0,0,0,0,0,0,0,0,0,0,0,0,0,0,0,0,0,0,0,0,0,0
ASV153,0,0,0,0,0,3,0,0,0,0,0,0,0,0,0,0,24,26,8,0,9,0,0,33
ASV960,0,0,0,0,1,0,0,0,0,0,0,0,0,0,0,0,0,0,0,0,0,0,0,0
ASV1011,0,0,0,0,0,3,0,0,0,0,0,0,0,0,0,0,0,0,0,0,0,0,0,0
ASV8,914,1600,1534,1545,1411,1687,1288,1377,1217,1361,1024,763,273,239,298,541,411,496,379,477,338,455,470,424
ASV1081,0,0,0,0,0,0,0,0,0,0,0,0,0,2,0,0,0,0,0,0,0,0,0,0
ASV121,6,2,0,2,0,0,13,26,4,4,7,0,18,9,7,0,0,16,13,34,15,18,22,48
ASV384,0,0,0,0,0,0,0,0,0,0,0,0,0,0,2,0,0,0,0,0,0,0,0,0
ASV208,3,3,3,0,3,0,0,0,3,0,8,3,4,7,6,8,3,4,4,9,7,0,9,0
ASV473,0,0,0,0,0,0,0,0,0,0,0,0,0,0,0,0,0,0,0,0,0,0,3,0
ASV1172,0,0,0,8,0,0,0,0,0,0,0,0,0,0,0,0,0,0,0,0,0,0,0,0
ASV1179,0,0,0,7,0,0,0,0,0,0,0,0,0,0,0,0,0,0,0,0,0,0,0,0
ASV72,19,34,37,24,31,29,21,33,30,23,20,37,25,22,47,37,43,28,30,57,45,26,36,30
ASV322,3,2,0,0,4,0,0,2,4,0,0,0,5,2,7,0,0,0,0,0,0,0,4,0
ASV254,0,0,0,0,0,0,0,0,0,0,0,0,0,0,38,13,0,0,0,0,0,0,0,0
ASV1304,0,0,0,0,0,0,0,0,0,0,0,0,0,0,0,3,0,0,0,0,0,0,0,0
ASV513,12,1,7,5,3,8,10,3,4,0,7,0,0,2,0,0,0,0,0,0,0,0,0,0
ASV539,0,0,0,0,0,0,0,0,0,0,0,0,0,2,0,0,0,0,0,0,0,0,0,0
ASV362,4,3,2,1,1,0,4,0,0,1,3,4,2,8,2,0,5,2,0,0,4,5,3,3
ASV927,0,1,0,0,6,0,0,0,0,0,0,0,0,0,0,0,0,0,0,0,0,0,0,0
ASV1092,0,0,0,0,0,0,2,1,2,0,0,0,0,0,0,0,0,0,0,0,0,0,0,0
ASV112,27,106,46,37,39,82,20,98,74,58,60,68,48,49,74,32,32,32,15,25,32,30,30,33
ASV287,0,0,0,2,1,0,4,12,9,0,4,12,19,5,12,7,3,0,0,4,3,0,4,0
ASV186,0,8,0,3,0,0,2,6,0,8,0,0,0,5,6,0,3,5,4,0,0,5,0,0
ASV143,0,6,4,0,11,12,9,10,8,14,2,7,11,16,14,9,6,21,8,17,10,12,9,13
ASV212,6,5,0,2,2,1,0,0,0,4,4,1,1,0,2,2,0,4,3,0,0,4,3,3
ASV146,4,5,6,6,4,2,6,4,5,0,5,4,6,8,12,9,12,5,6,21,13,14,14,18
ASV193,8,5,4,5,3,5,3,6,6,3,0,7,5,3,6,2,3,0,3,6,6,1,0,6
ASV1097,0,0,0,0,0,0,0,0,2,0,0,0,0,0,0,0,0,0,0,0,0,0,0,0
ASV1016,0,0,0,0,0,2,0,0,0,0,0,0,0,0,0,0,0,0,0,0,0,0,0,0
ASV1197,0,0,0,0,0,0,0,0,0,0,0,0,0,0,0,0,2,0,0,0,0,0,0,0
ASV371,0,0,0,0,0,0,0,0,0,0,0,0,0,0,4,0,0,0,0,0,0,0,0,0
ASV167,0,0,0,0,8,0,0,0,0,0,0,0,19,18,4,19,13,30,8,0,0,0,0,22
ASV361,0,0,0,0,0,0,0,0,0,0,0,0,0,1,4,0,0,0,0,1,0,0,0,0
ASV454,0,0,0,0,0,4,0,0,7,0,8,11,0,0,0,0,3,0,0,0,6,1,3,0
ASV34,231,341,189,47,91,180,330,152,323,98,205,212,645,308,394,298,265,191,70,220,607,319,402,191
ASV452,0,0,4,0,11,0,0,0,0,0,0,0,0,0,0,0,0,0,0,0,0,0,7,0
ASV1073,0,0,0,0,0,0,0,0,0,0,0,0,2,1,0,0,0,0,0,0,0,0,0,0
ASV381,1,0,1,2,1,0,0,4,0,0,0,0,1,2,3,3,0,0,0,0,0,0,0,0
ASV14,5,5,13,7,11,4,74,61,40,36,66,84,493,134,121,107,66,70,185,169,110,54,84,59
ASV55,103,204,151,36,72,170,209,177,253,128,293,138,182,280,230,142,90,178,45,184,304,113,130,83
ASV27,0,27,31,0,39,14,0,0,0,0,0,0,100,73,30,51,38,39,82,62,105,39,35,0
ASV1191,0,0,0,0,0,0,0,0,0,0,0,0,0,0,0,0,7,0,0,0,0,0,0,0
ASV1247,0,0,0,0,0,0,0,0,0,0,0,0,0,0,0,0,0,0,0,0,3,0,0,0
ASV1124,3,0,0,0,0,0,0,0,0,0,0,0,0,0,0,0,0,0,0,0,0,0,0,0
ASV1214,0,0,0,0,0,0,0,0,0,0,0,0,0,0,0,0,1,0,0,0,0,0,0,0
ASV1303,0,0,0,0,0,0,0,0,0,0,0,0,0,0,0,10,0,0,0,0,0,0,0,0
ASV205,0,6,2,0,0,2,4,0,10,3,1,0,6,2,0,0,0,0,2,0,5,4,11,13
ASV138,8,9,10,4,6,2,3,4,0,0,0,0,71,20,10,9,3,8,9,0,0,3,5,0
ASV568,3,2,0,0,0,4,0,0,0,0,2,4,0,5,0,0,0,3,0,0,0,0,0,2
ASV249,0,0,0,0,0,0,0,0,0,0,0,0,4,8,10,9,7,12,2,0,5,0,0,0
ASV200,13,2,3,2,5,3,0,0,0,3,0,4,24,16,12,11,11,11,4,16,13,35,17,21
ASV998,0,1,2,0,0,0,0,0,1,0,0,0,0,3,0,2,0,3,0,2,0,4,0,0
ASV199,19,9,4,3,18,9,32,28,25,8,28,9,17,54,49,16,29,16,5,12,20,14,5,0
ASV87,13,7,7,24,43,40,21,38,84,37,54,43,107,70,74,49,55,55,21,107,81,95,64,54
ASV1145,0,0,0,0,0,0,0,0,0,0,0,0,11,0,0,0,0,0,0,0,0,0,0,0
ASV255,0,0,0,0,0,0,0,0,0,0,0,0,0,0,42,0,0,0,0,0,0,0,0,0
ASV1066,0,0,0,0,0,0,0,0,0,0,0,0,0,2,0,0,0,0,0,2,2,0,0,0
ASV1271,0,0,0,0,0,0,0,2,0,0,0,0,0,0,0,0,0,0,0,0,0,0,0,0
ASV303,3,1,2,4,2,4,0,0,0,4,0,4,6,1,7,2,5,2,0,2,3,0,3,0
ASV411,0,6,1,0,0,4,0,0,0,0,7,2,0,0,2,0,2,3,0,4,0,0,0,0
ASV110,30,29,33,11,19,16,32,44,35,26,31,87,65,43,56,24,18,34,13,15,34,7,33,9
ASV66,24,8,6,28,17,15,10,13,17,15,14,16,26,40,30,23,34,16,30,58,52,100,82,75
ASV921,4,0,0,0,15,0,0,0,9,0,9,0,0,0,0,0,0,3,0,0,0,0,0,0
ASV410,0,0,0,0,0,0,0,0,0,0,0,0,0,4,2,3,0,0,0,0,0,0,0,0
ASV132,0,0,0,7,0,4,1,2,3,2,3,6,3,0,0,0,0,3,9,9,8,6,4,6
ASV1035,0,0,0,0,0,0,0,0,0,0,0,0,2,17,0,0,0,0,0,0,0,0,0,0
ASV76,16,34,25,17,41,35,28,40,24,33,43,29,53,48,35,24,32,38,28,28,30,23,25,22
ASV403,0,0,0,0,0,0,0,0,0,0,0,0,0,6,3,0,0,0,0,0,0,0,0,0
ASV936,3,5,3,0,3,2,1,0,0,0,0,0,0,0,0,0,0,0,0,0,0,0,0,0
ASV995,0,0,0,0,0,0,0,0,0,0,0,0,0,0,0,3,4,3,0,2,4,0,0,0
ASV948,0,0,0,0,2,0,0,0,0,0,0,0,1,0,0,0,0,0,0,0,0,0,0,0
ASV1069,4,0,0,0,0,0,0,5,0,0,0,0,0,1,0,0,0,0,0,0,0,0,0,0
ASV372,0,0,0,2,0,0,0,0,0,0,0,0,1,0,3,0,2,0,0,0,3,0,0,0
ASV520,0,0,0,0,0,0,0,0,0,2,0,0,0,0,0,0,0,0,0,0,0,0,0,0
ASV463,0,0,0,0,0,0,0,0,0,0,0,0,0,0,0,0,0,0,0,0,0,0,5,0
ASV195,0,9,6,0,7,8,4,12,8,8,15,6,2,5,6,3,2,4,4,4,5,3,7,0
ASV950,0,0,0,0,2,0,0,2,0,0,0,0,0,0,0,0,0,0,0,0,0,0,0,0
ASV202,37,54,38,22,42,25,30,27,47,19,37,23,29,25,29,16,16,8,4,2,8,7,13,4
ASV531,0,0,3,0,3,7,0,0,0,0,0,0,0,8,0,5,3,0,0,0,7,0,0,0
ASV532,0,0,0,0,0,0,0,0,0,0,0,0,0,0,0,0,1,0,0,0,0,0,0,0
ASV440,0,0,0,0,10,17,0,0,16,0,0,0,15,0,0,0,13,49,0,15,8,9,23,38
ASV117,9,19,14,1,13,12,7,9,10,4,10,14,18,22,19,14,13,18,13,15,21,2,13,9
ASV114,0,2,2,0,3,0,0,6,4,4,2,6,17,29,17,24,18,12,9,43,30,32,37,31
ASV170,0,0,0,0,0,0,0,2,0,0,0,0,0,0,0,0,0,0,7,0,3,7,14,15
ASV382,4,4,6,0,5,0,0,0,4,0,0,4,0,6,2,0,0,3,0,0,0,0,0,0
ASV227,4,0,1,7,6,2,1,4,0,2,0,0,0,7,4,3,3,6,2,8,3,5,2,0
