"","node1","node2","label","weight"
"1","OTU_50","OTU_357","+",0.780953866617325
"2","OTU_50","OTU_154","+",0.701109826132294
"3","OTU_305","OTU_3303","+",0.734113385931396
"4","OTU_305","OTU_2564","+",0.712940452985445
"5","OTU_305","OTU_30","+",0.746604136751973
"6","OTU_1","OTU_13824","+",0.877690152830074
"7","OTU_1","OTU_4731","-",0.725641304816125
"8","OTU_1","OTU_34","-",0.729381024631634
"9","OTU_1","OTU_301","-",0.707244706813081
"10","OTU_1","OTU_668","-",0.766389848895014
"11","OTU_1","OTU_1169","-",0.726921146334984
"12","OTU_1","OTU_847","-",0.709735336569409
"13","OTU_1","OTU_1243","-",0.724202734612268
"14","OTU_1","OTU_266","-",0.792896013150048
"15","OTU_1","OTU_1897","-",0.701596181213461
"16","OTU_1","OTU_1185","-",0.720401418578332
"17","OTU_1","OTU_1892","-",0.742344329993429
"18","OTU_1","OTU_1811","-",0.743867536632504
"19","OTU_1","OTU_126","-",0.752959055215065
"20","OTU_1","OTU_902","-",0.737115288195441
"21","OTU_1","OTU_351","-",0.759337229059399
"22","OTU_1","OTU_264","-",0.819982850932312
"23","OTU_1","OTU_1173","-",0.740706749189548
"24","OTU_1","OTU_1866","-",0.729182469295373
"25","OTU_1","OTU_1848","-",0.710368501388402
"26","OTU_1","OTU_1204","-",0.701455899475857
"27","OTU_41","OTU_117","+",0.743105615029702
"28","OTU_59","OTU_78","+",0.7016061879502
"29","OTU_59","OTU_357","+",0.722330446483846
"30","OTU_59","OTU_943","+",0.705176149698356
"31","OTU_2733","OTU_2725","+",0.711577542854907
"32","OTU_4050","OTU_7205","+",0.705653008870254
"33","OTU_4050","OTU_3522","+",0.711925565195208
"34","OTU_4147","OTU_1646","+",0.733367692535393
"35","OTU_4147","OTU_109","+",0.761024356215357
"36","OTU_4147","OTU_7557","+",0.7189133656958
"37","OTU_4147","OTU_265","+",0.701394028993399
"38","OTU_4147","OTU_3164","+",0.703174751935144
"39","OTU_4147","OTU_8029","+",0.720121644379232
"40","OTU_4147","OTU_107","+",0.702165732328309
"41","OTU_4147","OTU_7648","+",0.704681003663786
"42","OTU_4147","OTU_3138","+",0.720073895439467
"43","OTU_4147","OTU_1812","+",0.743177173681299
"44","OTU_4147","OTU_2784","+",0.700625835314576
"45","OTU_4147","OTU_426","+",0.758567707430388
"46","OTU_4147","OTU_1850","+",0.744443790173719
"47","OTU_4147","OTU_3712","+",0.759001903632555
"48","OTU_4147","OTU_3321","+",0.70137202648938
"49","OTU_4147","OTU_12327","+",0.744729308152752
"50","OTU_4147","OTU_3159","+",0.734879373279382
"51","OTU_4147","OTU_7630","+",0.781329919532358
"52","OTU_4147","OTU_1885","+",0.783068312294126
"53","OTU_4147","OTU_1827","+",0.73884190831795
"54","OTU_4147","OTU_7346","+",0.704461153139983
"55","OTU_4147","OTU_4531","+",0.71295184425479
"56","OTU_4147","OTU_1810","+",0.701649141311398
"57","OTU_12367","OTU_158","+",0.704349310517312
"58","OTU_12367","OTU_38","+",0.732168939012838
"59","OTU_1646","OTU_341","+",0.710234742419391
"60","OTU_1646","OTU_7630","+",0.706410266149724
"61","OTU_1646","OTU_863","+",0.732111076568312
"62","OTU_1646","OTU_3117","+",0.718218934176208
"63","OTU_55","OTU_1897","-",0.725727798890988
"64","OTU_55","OTU_1892","-",0.715064711276333
"65","OTU_55","OTU_1866","-",0.702885398223347
"66","OTU_84","OTU_117","+",0.769758061479827
"67","OTU_3303","OTU_12","+",0.702614127593382
"68","OTU_3303","OTU_30","+",0.708455638061101
"69","OTU_16","OTU_25","+",0.787361916466234
"70","OTU_16","OTU_79","+",0.709763813839221
"71","OTU_16","OTU_196","+",0.71621757790293
"72","OTU_12","OTU_578","+",0.774614117995935
"73","OTU_117","OTU_87","+",0.751227195710985
"74","OTU_25","OTU_102","+",0.739193552478086
"75","OTU_25","OTU_2190","+",0.753278043752467
"76","OTU_13824","OTU_4731","-",0.716580128692326
"77","OTU_13824","OTU_34","-",0.705088327993156
"78","OTU_13824","OTU_301","-",0.763816983356401
"79","OTU_13824","OTU_661","-",0.709800624976413
"80","OTU_13824","OTU_668","-",0.744872984051681
"81","OTU_13824","OTU_1169","-",0.702661609948481
"82","OTU_13824","OTU_847","-",0.753751040384033
"83","OTU_13824","OTU_266","-",0.78012000472813
"84","OTU_13824","OTU_1897","-",0.706271957231233
"85","OTU_13824","OTU_1892","-",0.734016093554482
"86","OTU_13824","OTU_1811","-",0.701284084814646
"87","OTU_13824","OTU_126","-",0.729836977849757
"88","OTU_13824","OTU_902","-",0.737899063441611
"89","OTU_13824","OTU_351","-",0.73162075341749
"90","OTU_13824","OTU_264","-",0.789194910576315
"91","OTU_13824","OTU_1173","-",0.705045574798844
"92","OTU_13824","OTU_1866","-",0.702327894273188
"93","OTU_102","OTU_2190","+",0.705576299656144
"94","OTU_78","OTU_349","+",0.708883872682024
"95","OTU_151","OTU_9","+",0.704492056834199
"96","OTU_2562","OTU_3545","+",0.727843126138187
"97","OTU_109","OTU_220","+",0.745961061549551
"98","OTU_109","OTU_1895","+",0.715617191202687
"99","OTU_109","OTU_381","+",0.706875757518258
"100","OTU_109","OTU_265","+",0.769511837629244
"101","OTU_109","OTU_1166","+",0.719394200151686
"102","OTU_109","OTU_7415","+",0.708297394569845
"103","OTU_109","OTU_1885","+",0.738129628185101
"104","OTU_109","OTU_427","+",0.711447329190153
"105","OTU_4731","OTU_390","+",0.74187673817023
"106","OTU_4731","OTU_189","-",0.703192840179788
"107","OTU_4731","OTU_9","+",0.729750963183832
"108","OTU_4731","OTU_354","+",0.707688219503031
"109","OTU_4731","OTU_34","+",0.828332635783592
"110","OTU_4731","OTU_301","+",0.747602721892273
"111","OTU_4731","OTU_661","+",0.804812746006053
"112","OTU_4731","OTU_668","+",0.821870557616214
"113","OTU_4731","OTU_1169","+",0.724711313514528
"114","OTU_4731","OTU_154","+",0.70976725620963
"115","OTU_4731","OTU_172","+",0.701981472443863
"116","OTU_4731","OTU_847","+",0.801901071665278
"117","OTU_4731","OTU_1243","+",0.722107450841506
"118","OTU_4731","OTU_1901","+",0.730737716954438
"119","OTU_4731","OTU_874","+",0.736127359480047
"120","OTU_4731","OTU_1891","+",0.811245220238301
"121","OTU_4731","OTU_266","+",0.796145849725632
"122","OTU_4731","OTU_1897","+",0.836634360375953
"123","OTU_4731","OTU_2252","+",0.71298961650274
"124","OTU_4731","OTU_3211","+",0.701178186037777
"125","OTU_4731","OTU_360","+",0.744582883271456
"126","OTU_4731","OTU_3222","+",0.775524035401402
"127","OTU_4731","OTU_1912","+",0.716348716867025
"128","OTU_4731","OTU_1185","+",0.806047441890142
"129","OTU_4731","OTU_1892","+",0.820282933594289
"130","OTU_4731","OTU_1914","+",0.754170545685104
"131","OTU_4731","OTU_1826","+",0.700111355859116
"132","OTU_4731","OTU_126","+",0.855640264132311
"133","OTU_4731","OTU_902","+",0.830498030924117
"134","OTU_4731","OTU_351","+",0.840826360460323
"135","OTU_4731","OTU_264","+",0.835717407927529
"136","OTU_4731","OTU_1173","+",0.761689357948875
"137","OTU_4731","OTU_428","+",0.773053956187427
"138","OTU_4731","OTU_1866","+",0.816140786362401
"139","OTU_4731","OTU_1848","+",0.812942849585913
"140","OTU_4731","OTU_3285","+",0.730270420750104
"141","OTU_4731","OTU_1204","+",0.830472089971601
"142","OTU_4731","OTU_1184","+",0.702477186043753
"143","OTU_4731","OTU_8206","+",0.716786474044005
"144","OTU_220","OTU_381","+",0.729340925872518
"145","OTU_220","OTU_7557","+",0.709889488517034
"146","OTU_220","OTU_265","+",0.782667035653532
"147","OTU_220","OTU_1885","+",0.754749601160248
"148","OTU_2835","OTU_8226","+",0.720505536352308
"149","OTU_11","OTU_426","+",0.707207459842572
"150","OTU_390","OTU_357","+",0.708224041439509
"151","OTU_390","OTU_189","-",0.707053418727812
"152","OTU_390","OTU_9","+",0.76475728388295
"153","OTU_390","OTU_525","+",0.733898899530465
"154","OTU_390","OTU_87","+",0.715640948546904
"155","OTU_390","OTU_301","+",0.701548797353414
"156","OTU_390","OTU_7885","+",0.761723643847951
"157","OTU_390","OTU_668","+",0.714530679411128
"158","OTU_390","OTU_659","+",0.710736586530703
"159","OTU_390","OTU_154","+",0.803360760798175
"160","OTU_390","OTU_847","+",0.72048141393845
"161","OTU_390","OTU_874","+",0.712005328642355
"162","OTU_390","OTU_1891","+",0.739062693957275
"163","OTU_390","OTU_266","+",0.724993064125309
"164","OTU_390","OTU_1897","+",0.774087132249017
"165","OTU_390","OTU_360","+",0.791133753780817
"166","OTU_390","OTU_9506","+",0.706615115221611
"167","OTU_390","OTU_1185","+",0.717286411500854
"168","OTU_390","OTU_1892","+",0.749915432979896
"169","OTU_390","OTU_1914","+",0.700224210069785
"170","OTU_390","OTU_126","+",0.753160617400371
"171","OTU_390","OTU_902","+",0.755418906803393
"172","OTU_390","OTU_351","+",0.750094526945545
"173","OTU_390","OTU_264","+",0.737104532259093
"174","OTU_390","OTU_1866","+",0.776244115690731
"175","OTU_390","OTU_1848","+",0.703751336777587
"176","OTU_390","OTU_3285","+",0.714545634776867
"177","OTU_390","OTU_1204","+",0.71952519179144
"178","OTU_254","OTU_149","+",0.703077581659392
"179","OTU_673","OTU_82","+",0.753080810064724
"180","OTU_1349","OTU_8174","+",0.720427497947016
"181","OTU_67","OTU_357","+",0.708273775964676
"182","OTU_67","OTU_3651","+",0.703926506918066
"183","OTU_67","OTU_525","+",0.742234861554299
"184","OTU_67","OTU_87","+",0.787053980046142
"185","OTU_67","OTU_57","+",0.730075948283689
"186","OTU_67","OTU_178","+",0.717246219344236
"187","OTU_67","OTU_626","+",0.742191413203911
"188","OTU_1816","OTU_3132","+",0.71438115132591
"189","OTU_1816","OTU_8256","+",0.773762624423072
"190","OTU_1816","OTU_1885","+",0.741381860705288
"191","OTU_1816","OTU_1832","+",0.743085298613716
"192","OTU_1816","OTU_3117","+",0.71273529805138
"193","OTU_7991","OTU_212","+",0.72260884357373
"194","OTU_7991","OTU_1833","+",0.711129495248119
"195","OTU_7991","OTU_851","+",0.700907023100687
"196","OTU_82","OTU_80","+",0.819949101409117
"197","OTU_82","OTU_340","+",0.701487877108788
"198","OTU_82","OTU_1971","+",0.725863718239939
"199","OTU_82","OTU_3659","+",0.707487711424918
"200","OTU_341","OTU_3117","+",0.731200960423027
"201","OTU_13463","OTU_87","+",0.731049885356208
"202","OTU_952","OTU_2330","+",0.701715520025867
"203","OTU_165","OTU_3500","+",0.745030445938601
"204","OTU_165","OTU_943","+",0.70331183757097
"205","OTU_357","OTU_9","+",0.743140051864785
"206","OTU_357","OTU_447","+",0.776696239120649
"207","OTU_357","OTU_3651","+",0.754678788565556
"208","OTU_357","OTU_525","+",0.812963192156312
"209","OTU_357","OTU_87","+",0.79684188174036
"210","OTU_357","OTU_57","+",0.758126453544723
"211","OTU_357","OTU_661","+",0.718328696657412
"212","OTU_357","OTU_1649","+",0.715931451804671
"213","OTU_357","OTU_1707","+",0.721337510044741
"214","OTU_357","OTU_659","+",0.746068391333229
"215","OTU_357","OTU_154","+",0.884061452041
"216","OTU_357","OTU_1243","+",0.705479408889848
"217","OTU_357","OTU_178","+",0.777141335279995
"218","OTU_357","OTU_1901","+",0.709925380887878
"219","OTU_357","OTU_1891","+",0.739954244839388
"220","OTU_357","OTU_2252","+",0.707848320387258
"221","OTU_357","OTU_9506","+",0.719329223097503
"222","OTU_357","OTU_1185","+",0.740045277402057
"223","OTU_357","OTU_126","+",0.70513667087816
"224","OTU_357","OTU_351","+",0.742980236638188
"225","OTU_357","OTU_1848","+",0.749140415541713
"226","OTU_7417","OTU_8029","+",0.701115524345065
"227","OTU_7417","OTU_846","+",0.712268974817542
"228","OTU_7417","OTU_3134","+",0.729715303064238
"229","OTU_7417","OTU_3099","+",0.761766410354057
"230","OTU_7417","OTU_863","+",0.704043985401514
"231","OTU_7417","OTU_353","+",0.709651949454358
"232","OTU_7417","OTU_1172","+",0.757252256003402
"233","OTU_7417","OTU_8026","+",0.717913580866526
"234","OTU_7417","OTU_7098","+",0.710815430323681
"235","OTU_7417","OTU_7723","+",0.774840855305337
"236","OTU_7417","OTU_7344","+",0.702065733967432
"237","OTU_7417","OTU_1826","+",0.77315373307931
"238","OTU_7417","OTU_7606","+",0.712598261252912
"239","OTU_7417","OTU_3118","+",0.706158925803858
"240","OTU_7417","OTU_1163","+",0.755846211957226
"241","OTU_5894","OTU_8849","+",0.703773424719178
"242","OTU_189","OTU_668","-",0.702577899230085
"243","OTU_189","OTU_1897","-",0.727822280743689
"244","OTU_189","OTU_902","-",0.705056361954985
"245","OTU_189","OTU_351","-",0.700054270938821
"246","OTU_189","OTU_264","-",0.704148371051729
"247","OTU_71","OTU_154","-",0.724041102295946
"248","OTU_71","OTU_1891","-",0.703451589334768
"249","OTU_71","OTU_1185","-",0.717680283502643
"250","OTU_71","OTU_1892","-",0.709833320780597
"251","OTU_71","OTU_1914","-",0.702693359717507
"252","OTU_71","OTU_126","-",0.711461761375354
"253","OTU_71","OTU_351","-",0.70011371654276
"254","OTU_71","OTU_264","-",0.713457896892367
"255","OTU_71","OTU_1848","-",0.700198561007702
"256","OTU_9","OTU_447","+",0.718572188893691
"257","OTU_9","OTU_3651","+",0.708594151067652
"258","OTU_9","OTU_525","+",0.80058735242068
"259","OTU_9","OTU_661","+",0.724184276056944
"260","OTU_9","OTU_7885","+",0.734009316384251
"261","OTU_9","OTU_659","+",0.751280265780266
"262","OTU_9","OTU_154","+",0.796031634263251
"263","OTU_9","OTU_1901","+",0.721748166419322
"264","OTU_9","OTU_874","+",0.729600679944695
"265","OTU_9","OTU_1891","+",0.75062906294918
"266","OTU_9","OTU_126","+",0.71854348368755
"267","OTU_9","OTU_902","+",0.706600874137831
"268","OTU_9","OTU_351","+",0.73898605162329
"269","OTU_9","OTU_264","+",0.705117056878966
"270","OTU_9","OTU_1866","+",0.771780268706816
"271","OTU_9","OTU_3285","+",0.738572201224864
"272","OTU_9","OTU_1184","+",0.719563351277236
"273","OTU_1702","OTU_9207","+",0.785651717925576
"274","OTU_924","OTU_2048","+",0.732068519180352
"275","OTU_924","OTU_801","+",0.706029232263883
"276","OTU_5867","OTU_1283","+",0.75223065899835
"277","OTU_5867","OTU_3545","+",0.772275835932338
"278","OTU_5867","OTU_1277","+",0.727117959573146
"279","OTU_5867","OTU_3597","+",0.71000013304064
"280","OTU_5867","OTU_2003","+",0.732174966524097
"281","OTU_5867","OTU_12238","+",0.765934209177592
"282","OTU_853","OTU_2784","+",0.725179057094489
"283","OTU_1895","OTU_381","+",0.706201944311957
"284","OTU_1895","OTU_265","+",0.775472862289915
"285","OTU_1895","OTU_107","+",0.737262515634219
"286","OTU_1895","OTU_1166","+",0.726101762944749
"287","OTU_1895","OTU_3194","+",0.702389512846278
"288","OTU_1895","OTU_427","+",0.703280923720427
"289","OTU_80","OTU_57","+",0.718811206915255
"290","OTU_1496","OTU_2548","+",0.710058022426882
"291","OTU_1496","OTU_3756","+",0.71791113658723
"292","OTU_1496","OTU_11307","+",0.733795473821514
"293","OTU_354","OTU_661","+",0.799523616970526
"294","OTU_354","OTU_1891","+",0.753310039157149
"295","OTU_354","OTU_1897","+",0.749814279866324
"296","OTU_354","OTU_3211","+",0.728023609401711
"297","OTU_354","OTU_1185","+",0.793065502453381
"298","OTU_354","OTU_126","+",0.740051720410666
"299","OTU_354","OTU_902","+",0.7674612543038
"300","OTU_354","OTU_351","+",0.70562526976688
"301","OTU_354","OTU_264","+",0.762571461023452
"302","OTU_354","OTU_1173","+",0.777509719868473
"303","OTU_354","OTU_1866","+",0.732431406513263
"304","OTU_7502","OTU_3356","+",0.701764999136385
"305","OTU_7502","OTU_3130","+",0.710363423013039
"306","OTU_7502","OTU_3336","+",0.771707898817012
"307","OTU_7502","OTU_8029","+",0.706307651928849
"308","OTU_7502","OTU_7510","+",0.735602273629903
"309","OTU_7502","OTU_3122","+",0.720778173139146
"310","OTU_7502","OTU_8175","+",0.742594905866295
"311","OTU_7502","OTU_3134","+",0.70165996513672
"312","OTU_7502","OTU_3097","+",0.744473611539169
"313","OTU_7502","OTU_1840","+",0.718717818026953
"314","OTU_7502","OTU_3099","+",0.711147262813586
"315","OTU_7502","OTU_3166","+",0.739575598022518
"316","OTU_7502","OTU_8026","+",0.716882096358915
"317","OTU_7502","OTU_1216","+",0.706839019131202
"318","OTU_7502","OTU_7330","+",0.708776066014668
"319","OTU_7502","OTU_3197","+",0.70540936973983
"320","OTU_381","OTU_3130","+",0.703716567248745
"321","OTU_381","OTU_265","+",0.797276549305081
"322","OTU_381","OTU_1166","+",0.754743121536887
"323","OTU_381","OTU_12327","+",0.70236677428469
"324","OTU_381","OTU_427","+",0.719563310613556
"325","OTU_212","OTU_45","+",0.717783053178703
"326","OTU_212","OTU_2784","+",0.725278531601105
"327","OTU_1836","OTU_3220","+",0.71380905714488
"328","OTU_1836","OTU_3712","+",0.711744507690279
"329","OTU_1283","OTU_2005","+",0.711745205989207
"330","OTU_2548","OTU_1360","+",0.723573059315909
"331","OTU_2548","OTU_280","+",0.708788691164354
"332","OTU_2548","OTU_3545","+",0.727403808621938
"333","OTU_2548","OTU_3522","+",0.737597940051152
"334","OTU_2548","OTU_2003","+",0.725492882262972
"335","OTU_149","OTU_817","+",0.743882919354679
"336","OTU_3356","OTU_3097","+",0.719699824802064
"337","OTU_3356","OTU_8026","+",0.730155839279607
"338","OTU_3356","OTU_8226","+",0.71461397284642
"339","OTU_1623","OTU_11307","+",0.742723023065489
"340","OTU_1176","OTU_8175","+",0.726351152456547
"341","OTU_103","OTU_4047","+",0.774844711098781
"342","OTU_739","OTU_3970","+",0.701682508096153
"343","OTU_34","OTU_525","+",0.700237498820181
"344","OTU_34","OTU_301","+",0.725764079693473
"345","OTU_34","OTU_661","+",0.826325069958377
"346","OTU_34","OTU_668","+",0.841423875792883
"347","OTU_34","OTU_1169","+",0.722402262539094
"348","OTU_34","OTU_154","+",0.713314589740997
"349","OTU_34","OTU_172","+",0.705772565459606
"350","OTU_34","OTU_847","+",0.872239908816485
"351","OTU_34","OTU_1243","+",0.708447431311513
"352","OTU_34","OTU_1901","+",0.798214307875393
"353","OTU_34","OTU_874","+",0.801509167038189
"354","OTU_34","OTU_1891","+",0.794838653454161
"355","OTU_34","OTU_266","+",0.819768560372856
"356","OTU_34","OTU_1897","+",0.803155758373572
"357","OTU_34","OTU_2252","+",0.747087057663738
"358","OTU_34","OTU_3211","+",0.709283777564275
"359","OTU_34","OTU_9506","+",0.733150477786261
"360","OTU_34","OTU_3222","+",0.804468610647533
"361","OTU_34","OTU_1912","+",0.74309648187199
"362","OTU_34","OTU_1185","+",0.850215135381376
"363","OTU_34","OTU_1892","+",0.836262239079534
"364","OTU_34","OTU_1914","+",0.800273893265492
"365","OTU_34","OTU_126","+",0.894649428031129
"366","OTU_34","OTU_902","+",0.827221047720724
"367","OTU_34","OTU_351","+",0.817212260348453
"368","OTU_34","OTU_264","+",0.874654747681687
"369","OTU_34","OTU_1173","+",0.802795678005248
"370","OTU_34","OTU_428","+",0.74387597915795
"371","OTU_34","OTU_1866","+",0.815669243453061
"372","OTU_34","OTU_1848","+",0.807115015673346
"373","OTU_34","OTU_3285","+",0.737745418029146
"374","OTU_34","OTU_3419","+",0.765372467730092
"375","OTU_34","OTU_1204","+",0.791115330499672
"376","OTU_34","OTU_1184","+",0.773586531355298
"377","OTU_34","OTU_8206","+",0.714878645095848
"378","OTU_8356","OTU_3336","+",0.714914514337746
"379","OTU_8356","OTU_8226","+",0.74429179918606
"380","OTU_8356","OTU_1163","+",0.705966500693958
"381","OTU_45","OTU_425","+",0.77202128050312
"382","OTU_447","OTU_177","+",0.733134361227653
"383","OTU_447","OTU_801","+",0.735883018198974
"384","OTU_447","OTU_525","+",0.781157565081185
"385","OTU_447","OTU_57","+",0.711509087949641
"386","OTU_447","OTU_1707","+",0.738037559137471
"387","OTU_447","OTU_659","+",0.708205785439416
"388","OTU_447","OTU_154","+",0.750928957451648
"389","OTU_841","OTU_3116","+",0.711590878426011
"390","OTU_841","OTU_2784","+",0.701051020942404
"391","OTU_841","OTU_3712","+",0.73009751613488
"392","OTU_6413","OTU_1858","+",0.709750385480591
"393","OTU_340","OTU_3651","+",0.736786704230872
"394","OTU_340","OTU_57","+",0.701902931375503
"395","OTU_340","OTU_178","+",0.755440340373504
"396","OTU_1814","OTU_8174","+",0.751290489791772
"397","OTU_1822","OTU_1544","+",0.709771298009529
"398","OTU_1822","OTU_1174","+",0.722402088017051
"399","OTU_1822","OTU_3276","+",0.701131473531564
"400","OTU_1822","OTU_8175","+",0.801058757956335
"401","OTU_1822","OTU_1196","+",0.705381548733572
"402","OTU_1822","OTU_1842","+",0.715298556969285
"403","OTU_1822","OTU_1840","+",0.707213579223703
"404","OTU_3130","OTU_7510","+",0.701166756779121
"405","OTU_3130","OTU_842","+",0.702502432107146
"406","OTU_3130","OTU_1166","+",0.70509219842941
"407","OTU_3130","OTU_3138","+",0.797545413461947
"408","OTU_3130","OTU_1833","+",0.739686644598023
"409","OTU_3130","OTU_1850","+",0.763214945320904
"410","OTU_3130","OTU_851","+",0.724318141470594
"411","OTU_3130","OTU_7630","+",0.708439224412038
"412","OTU_3130","OTU_3097","+",0.739934053099603
"413","OTU_3130","OTU_1885","+",0.717450121550504
"414","OTU_3130","OTU_863","+",0.767026729157568
"415","OTU_3130","OTU_3117","+",0.725845014541899
"416","OTU_3130","OTU_3352","+",0.70776845622885
"417","OTU_854","OTU_842","+",0.72662845524358
"418","OTU_854","OTU_3138","+",0.720946918075314
"419","OTU_854","OTU_172","+",0.708463858832424
"420","OTU_854","OTU_1833","+",0.712473032540304
"421","OTU_854","OTU_1196","+",0.723959262176655
"422","OTU_854","OTU_863","+",0.7304088253809
"423","OTU_4348","OTU_1885","+",0.738149962148964
"424","OTU_1544","OTU_3276","+",0.718133218899023
"425","OTU_1544","OTU_7389","+",0.764867922814232
"426","OTU_1544","OTU_3319","+",0.717487425839306
"427","OTU_1544","OTU_427","+",0.700633657367701
"428","OTU_1544","OTU_7988","+",0.746999535346118
"429","OTU_3264","OTU_3276","+",0.70686303431458
"430","OTU_1831","OTU_1194","+",0.703695773471396
"431","OTU_1831","OTU_3138","+",0.725332126601803
"432","OTU_1831","OTU_3132","+",0.749085201148526
"433","OTU_1831","OTU_3712","+",0.706040727659617
"434","OTU_1831","OTU_1842","+",0.730599174301682
"435","OTU_1831","OTU_3127","+",0.707985205934714
"436","OTU_1831","OTU_7630","+",0.731161848295582
"437","OTU_1831","OTU_1832","+",0.772731474347979
"438","OTU_1831","OTU_1815","+",0.705855815000706
"439","OTU_1831","OTU_7319","+",0.705647804080383
"440","OTU_1360","OTU_2361","+",0.743852441191608
"441","OTU_1360","OTU_3522","+",0.752846204928021
"442","OTU_1360","OTU_11045","+",0.717079154649261
"443","OTU_219","OTU_57","+",0.702115291662622
"444","OTU_219","OTU_178","+",0.714472706331026
"445","OTU_219","OTU_626","+",0.705833178115474
"446","OTU_1297","OTU_2003","+",0.728965043456387
"447","OTU_507","OTU_3138","+",0.707380429914711
"448","OTU_1821","OTU_1174","+",0.703654608487451
"449","OTU_1821","OTU_3134","+",0.707347632628844
"450","OTU_1821","OTU_1833","+",0.736915754032668
"451","OTU_1821","OTU_1850","+",0.71579528775641
"452","OTU_1821","OTU_3159","+",0.713293020115517
"453","OTU_1821","OTU_1885","+",0.767330749109053
"454","OTU_1821","OTU_863","+",0.722448605965448
"455","OTU_1821","OTU_8026","+",0.711016184350188
"456","OTU_1821","OTU_3117","+",0.729079099160714
"457","OTU_280","OTU_3545","+",0.719716304627181
"458","OTU_280","OTU_489","+",0.712690648758795
"459","OTU_3651","OTU_525","+",0.714221978659784
"460","OTU_3651","OTU_87","+",0.726981054285047
"461","OTU_3651","OTU_154","+",0.725241789148596
"462","OTU_3651","OTU_178","+",0.715210898816524
"463","OTU_3651","OTU_626","+",0.724345540100668
"464","OTU_2690","OTU_3545","+",0.700906577026116
"465","OTU_984","OTU_3545","+",0.741209455048643
"466","OTU_10337","OTU_1368","+",0.78198044640314
"467","OTU_10337","OTU_489","+",0.703872971618185
"468","OTU_1824","OTU_3138","+",0.7160640026839
"469","OTU_1824","OTU_1850","+",0.706347704508786
"470","OTU_3545","OTU_3508","+",0.741166559410396
"471","OTU_3545","OTU_6485","+",0.715545545517032
"472","OTU_3545","OTU_3522","+",0.725077062688082
"473","OTU_3545","OTU_657","+",0.711533920568399
"474","OTU_3545","OTU_2003","+",0.755694499269277
"475","OTU_3545","OTU_6200","+",0.724816519421679
"476","OTU_1859","OTU_425","+",0.733224467517492
"477","OTU_1859","OTU_265","+",0.705881565414571
"478","OTU_571","OTU_1850","+",0.71117369534894
"479","OTU_571","OTU_3295","+",0.704224492516703
"480","OTU_571","OTU_3117","+",0.709322265235451
"481","OTU_177","OTU_1287","+",0.709916761933668
"482","OTU_2993","OTU_3117","+",0.703003279655626
"483","OTU_2993","OTU_3352","+",0.718478381326962
"484","OTU_7127","OTU_8066","+",0.706032336442991
"485","OTU_425","OTU_2358","+",0.700246008453935
"486","OTU_1368","OTU_6485","+",0.737899151338021
"487","OTU_1368","OTU_2274","+",0.705892705886939
"488","OTU_525","OTU_87","+",0.751882938625696
"489","OTU_525","OTU_57","+",0.729588122154018
"490","OTU_525","OTU_661","+",0.753758188389903
"491","OTU_525","OTU_7885","+",0.727006453421641
"492","OTU_525","OTU_659","+",0.741428024992462
"493","OTU_525","OTU_154","+",0.877546630818765
"494","OTU_525","OTU_847","+",0.710931319440674
"495","OTU_525","OTU_1243","+",0.720535083567333
"496","OTU_525","OTU_178","+",0.748362703656986
"497","OTU_525","OTU_1901","+",0.742187529936012
"498","OTU_525","OTU_874","+",0.76217002406781
"499","OTU_525","OTU_1891","+",0.735631117322741
"500","OTU_525","OTU_1897","+",0.71779711543754
"501","OTU_525","OTU_2252","+",0.724476860828916
"502","OTU_525","OTU_3222","+",0.745320427501111
"503","OTU_525","OTU_1185","+",0.733436911791664
"504","OTU_525","OTU_1892","+",0.714035884435422
"505","OTU_525","OTU_126","+",0.701697598364881
"506","OTU_525","OTU_902","+",0.705931179521082
"507","OTU_525","OTU_351","+",0.73917177019319
"508","OTU_525","OTU_1866","+",0.754176539333359
"509","OTU_525","OTU_1848","+",0.755467757263511
"510","OTU_525","OTU_3285","+",0.715738813520185
"511","OTU_525","OTU_1204","+",0.702969783306481
"512","OTU_7557","OTU_12339","+",0.701233714284296
"513","OTU_7557","OTU_1885","+",0.727819325984027
"514","OTU_7557","OTU_3099","+",0.714137231954302
"515","OTU_7557","OTU_2203","+",0.702904087859239
"516","OTU_7557","OTU_1843","+",0.769449134411238
"517","OTU_1207","OTU_846","+",0.72667518342292
"518","OTU_1207","OTU_3099","+",0.721371556356887
"519","OTU_1207","OTU_1163","+",0.705128214318522
"520","OTU_87","OTU_57","+",0.712244101367736
"521","OTU_87","OTU_659","+",0.726551022152739
"522","OTU_87","OTU_154","+",0.765990368409855
"523","OTU_87","OTU_178","+",0.716132922707006
"524","OTU_87","OTU_626","+",0.752756696104973
"525","OTU_87","OTU_360","+",0.703664485340495
"526","OTU_87","OTU_1848","+",0.707498938447901
"527","OTU_4333","OTU_1471","+",0.701290076071367
"528","OTU_301","OTU_661","+",0.721239054508131
"529","OTU_301","OTU_668","+",0.712489276305878
"530","OTU_301","OTU_1169","+",0.727519707871866
"531","OTU_301","OTU_172","+",0.700456542207028
"532","OTU_301","OTU_847","+",0.731186046119613
"533","OTU_301","OTU_874","+",0.719783340115394
"534","OTU_301","OTU_266","+",0.751868576667302
"535","OTU_301","OTU_1897","+",0.731653928461621
"536","OTU_301","OTU_360","+",0.705271632174926
"537","OTU_301","OTU_1185","+",0.729752220968166
"538","OTU_301","OTU_1892","+",0.771638929997614
"539","OTU_301","OTU_1914","+",0.704583536983921
"540","OTU_301","OTU_126","+",0.789093503366957
"541","OTU_301","OTU_902","+",0.76292270752881
"542","OTU_301","OTU_351","+",0.781557132441725
"543","OTU_301","OTU_264","+",0.809023499640305
"544","OTU_301","OTU_1173","+",0.734874590106171
"545","OTU_301","OTU_428","+",0.733729584003149
"546","OTU_301","OTU_1866","+",0.756329974891752
"547","OTU_301","OTU_1848","+",0.709573711678185
"548","OTU_9901","OTU_178","+",0.721915804264468
"549","OTU_967","OTU_8187","+",0.719841157811395
"550","OTU_967","OTU_7415","+",0.702684644490715
"551","OTU_967","OTU_1858","+",0.726523443207071
"552","OTU_3189","OTU_7629","+",0.740901214650582
"553","OTU_3189","OTU_3154","+",0.701970746056921
"554","OTU_1175","OTU_172","+",0.749550170888365
"555","OTU_1175","OTU_8026","+",0.700275391124107
"556","OTU_1175","OTU_3154","+",0.701257978877951
"557","OTU_3508","OTU_7205","+",0.763197203666462
"558","OTU_3508","OTU_3522","+",0.726306076874122
"559","OTU_3508","OTU_2003","+",0.715288421039643
"560","OTU_3508","OTU_4036","+",0.733453781647923
"561","OTU_938","OTU_944","+",0.700152040067788
"562","OTU_938","OTU_3101","+",0.705608770526996
"563","OTU_938","OTU_1827","+",0.725051694510573
"564","OTU_1162","OTU_7418","+",0.715536019640128
"565","OTU_1162","OTU_3099","+",0.713899034045005
"566","OTU_1162","OTU_7606","+",0.753799735982883
"567","OTU_1162","OTU_1163","+",0.71135095729307
"568","OTU_12339","OTU_7541","+",0.754130900069922
"569","OTU_3116","OTU_1832","+",0.700221465571902
"570","OTU_7205","OTU_2003","+",0.741053247672809
"571","OTU_1277","OTU_3597","+",0.800820912594152
"572","OTU_1277","OTU_1632","+",0.754715090506022
"573","OTU_3306","OTU_8174","+",0.708037122484126
"574","OTU_57","OTU_154","+",0.761177630970369
"575","OTU_57","OTU_178","+",0.773370166603391
"576","OTU_57","OTU_1185","+",0.701073832974156
"577","OTU_57","OTU_1914","+",0.700016778481416
"578","OTU_265","OTU_107","+",0.753708311498567
"579","OTU_265","OTU_1166","+",0.753179148473231
"580","OTU_265","OTU_7415","+",0.724951242471401
"581","OTU_265","OTU_426","+",0.781682871073997
"582","OTU_265","OTU_1885","+",0.709035427963525
"583","OTU_265","OTU_1832","+",0.703751398483019
"584","OTU_265","OTU_353","+",0.711939630526628
"585","OTU_3164","OTU_3159","+",0.78899935296855
"586","OTU_8066","OTU_8029","+",0.73628591385742
"587","OTU_8066","OTU_3220","+",0.753806966434511
"588","OTU_8066","OTU_3138","+",0.736410593749517
"589","OTU_8066","OTU_3194","+",0.709618989377083
"590","OTU_8066","OTU_3098","+",0.791027735649717
"591","OTU_8066","OTU_3127","+",0.729352218161741
"592","OTU_8066","OTU_7975","+",0.73312519048394
"593","OTU_8066","OTU_3099","+",0.735252347327483
"594","OTU_8066","OTU_3166","+",0.781989008273475
"595","OTU_8066","OTU_649","+",0.716580599953762
"596","OTU_8066","OTU_7346","+",0.721692621088595
"597","OTU_8066","OTU_1815","+",0.77534047810436
"598","OTU_8066","OTU_1172","+",0.712640130185498
"599","OTU_8066","OTU_7636","+",0.76414917473108
"600","OTU_8066","OTU_3263","+",0.745739879769101
"601","OTU_3336","OTU_7418","+",0.790040642351434
"602","OTU_3336","OTU_3099","+",0.74108352787036
"603","OTU_3336","OTU_1216","+",0.701123986865996
"604","OTU_3336","OTU_7344","+",0.70400002211804
"605","OTU_3336","OTU_7594","+",0.710207891034513
"606","OTU_3336","OTU_7395","+",0.703028544219036
"607","OTU_3336","OTU_1163","+",0.722744435028638
"608","OTU_713","OTU_2784","+",0.723904289390253
"609","OTU_713","OTU_3712","+",0.702488199297981
"610","OTU_8029","OTU_3143","+",0.728023874947696
"611","OTU_8029","OTU_7629","+",0.82687316336765
"612","OTU_8029","OTU_3138","+",0.717371014207559
"613","OTU_8029","OTU_3268","+",0.71714951453413
"614","OTU_8029","OTU_3098","+",0.734418550733229
"615","OTU_8029","OTU_3132","+",0.784633610783741
"616","OTU_8029","OTU_1850","+",0.728874652013663
"617","OTU_8029","OTU_3150","+",0.745553435220463
"618","OTU_8029","OTU_7975","+",0.788849869998852
"619","OTU_8029","OTU_3159","+",0.783422086852827
"620","OTU_8029","OTU_1885","+",0.755537297553136
"621","OTU_8029","OTU_1853","+",0.704411482893275
"622","OTU_8029","OTU_3099","+",0.778453183499339
"623","OTU_8029","OTU_3166","+",0.732058113398936
"624","OTU_8029","OTU_649","+",0.758048230175762
"625","OTU_8029","OTU_7346","+",0.758340062578262
"626","OTU_8029","OTU_1171","+",0.720333783933068
"627","OTU_8029","OTU_1172","+",0.739278293569074
"628","OTU_8029","OTU_7474","+",0.753577773622139
"629","OTU_8029","OTU_7636","+",0.726923630926723
"630","OTU_8029","OTU_8026","+",0.717934099452091
"631","OTU_8029","OTU_7098","+",0.790229446149478
"632","OTU_8029","OTU_3118","+",0.703616800869305
"633","OTU_8029","OTU_7330","+",0.725643578974602
"634","OTU_8029","OTU_1902","+",0.703675137732439
"635","OTU_8029","OTU_3197","+",0.78664084650718
"636","OTU_8029","OTU_1163","+",0.742803801119951
"637","OTU_661","OTU_668","+",0.816429965399856
"638","OTU_661","OTU_659","+",0.71091027153145
"639","OTU_661","OTU_154","+",0.749929795487327
"640","OTU_661","OTU_847","+",0.787560473847553
"641","OTU_661","OTU_178","+",0.70921086291685
"642","OTU_661","OTU_1901","+",0.76965202330769
"643","OTU_661","OTU_874","+",0.711353889008459
"644","OTU_661","OTU_1891","+",0.808160784080135
"645","OTU_661","OTU_266","+",0.820465467269062
"646","OTU_661","OTU_1897","+",0.850168501792353
"647","OTU_661","OTU_3211","+",0.790752912742468
"648","OTU_661","OTU_360","+",0.723552501295343
"649","OTU_661","OTU_3222","+",0.768433748657373
"650","OTU_661","OTU_1912","+",0.782471818455797
"651","OTU_661","OTU_1185","+",0.839559195458635
"652","OTU_661","OTU_1892","+",0.84607550829178
"653","OTU_661","OTU_1914","+",0.746452483830249
"654","OTU_661","OTU_126","+",0.865901508871722
"655","OTU_661","OTU_902","+",0.851696082629098
"656","OTU_661","OTU_351","+",0.834212386305945
"657","OTU_661","OTU_264","+",0.811340552091877
"658","OTU_661","OTU_1173","+",0.846753565913441
"659","OTU_661","OTU_428","+",0.709242275398202
"660","OTU_661","OTU_1866","+",0.82361527563649
"661","OTU_661","OTU_1848","+",0.842909692688674
"662","OTU_661","OTU_3285","+",0.749295747542274
"663","OTU_661","OTU_3419","+",0.741714676445283
"664","OTU_661","OTU_1204","+",0.748482695436745
"665","OTU_661","OTU_1184","+",0.783669798561733
"666","OTU_1649","OTU_659","+",0.703148148818899
"667","OTU_1649","OTU_178","+",0.735364753342168
"668","OTU_1649","OTU_2252","+",0.741883936731353
"669","OTU_6465","OTU_2003","+",0.708202360936645
"670","OTU_7510","OTU_3134","+",0.713648129414237
"671","OTU_7510","OTU_1172","+",0.71298278348103
"672","OTU_1823","OTU_7415","+",0.773865713477128
"673","OTU_1823","OTU_1854","+",0.719516317572752
"674","OTU_1823","OTU_427","+",0.702553423292536
"675","OTU_6485","OTU_2240","+",0.782232341904019
"676","OTU_3995","OTU_7636","+",0.736498185811047
"677","OTU_846","OTU_3122","+",0.735245810679191
"678","OTU_846","OTU_3099","+",0.799831766987798
"679","OTU_846","OTU_1172","+",0.712314374216407
"680","OTU_846","OTU_1838","+",0.72491321889506
"681","OTU_846","OTU_8026","+",0.805721222610429
"682","OTU_846","OTU_7632","+",0.74378160906517
"683","OTU_846","OTU_7723","+",0.739088481535351
"684","OTU_846","OTU_7606","+",0.726278009548476
"685","OTU_846","OTU_7594","+",0.703861464664927
"686","OTU_846","OTU_1163","+",0.751768311432581
"687","OTU_1174","OTU_3138","+",0.737225232296601
"688","OTU_1174","OTU_3132","+",0.720010743875668
"689","OTU_1174","OTU_851","+",0.702838308896316
"690","OTU_1174","OTU_3159","+",0.718546760329325
"691","OTU_1174","OTU_3097","+",0.784058395628986
"692","OTU_1174","OTU_1885","+",0.700601375196542
"693","OTU_1174","OTU_1840","+",0.705000622623263
"694","OTU_1174","OTU_863","+",0.75875677746135
"695","OTU_1174","OTU_8026","+",0.752271227538714
"696","OTU_1174","OTU_3117","+",0.716299096920608
"697","OTU_1167","OTU_3134","+",0.787102102192558
"698","OTU_1167","OTU_1838","+",0.70417394133195
"699","OTU_1167","OTU_3283","+",0.700862889075204
"700","OTU_1167","OTU_8150","+",0.739785533027247
"701","OTU_1167","OTU_3272","+",0.704477064506473
"702","OTU_1167","OTU_653","+",0.703413499641708
"703","OTU_107","OTU_1166","+",0.709824534628467
"704","OTU_107","OTU_2211","+",0.720903707325983
"705","OTU_107","OTU_1840","+",0.706150879627702
"706","OTU_107","OTU_1815","+",0.722406183840246
"707","OTU_8174","OTU_1885","+",0.717112261321651
"708","OTU_8174","OTU_7456","+",0.702730187140735
"709","OTU_8174","OTU_2203","+",0.722447549722722
"710","OTU_3220","OTU_1854","+",0.709662678306395
"711","OTU_3220","OTU_1830","+",0.705137212558123
"712","OTU_3220","OTU_3098","+",0.74167726905969
"713","OTU_3220","OTU_464","+",0.702774428001092
"714","OTU_3220","OTU_3159","+",0.728549122203959
"715","OTU_3220","OTU_3166","+",0.71668867433667
"716","OTU_3220","OTU_649","+",0.708448642109186
"717","OTU_3220","OTU_7636","+",0.791494913609205
"718","OTU_3122","OTU_172","+",0.722399735195204
"719","OTU_3122","OTU_3127","+",0.733531651199038
"720","OTU_3122","OTU_464","+",0.724175559351386
"721","OTU_3122","OTU_8026","+",0.720905208735876
"722","OTU_3122","OTU_3283","+",0.71688814494586
"723","OTU_3122","OTU_7594","+",0.70371506497304
"724","OTU_3122","OTU_428","+",0.708471034177348
"725","OTU_3122","OTU_7395","+",0.710913487209668
"726","OTU_3122","OTU_7330","+",0.721549176421826
"727","OTU_3122","OTU_7654","+",0.708295080890578
"728","OTU_3122","OTU_3197","+",0.734680797134227
"729","OTU_3122","OTU_1163","+",0.721355885046415
"730","OTU_7885","OTU_154","+",0.770507046273039
"731","OTU_7885","OTU_874","+",0.742223437380136
"732","OTU_7885","OTU_1897","+",0.751563962637421
"733","OTU_7885","OTU_1892","+",0.711600000337646
"734","OTU_7885","OTU_126","+",0.713857914365367
"735","OTU_7885","OTU_1866","+",0.709356912407098
"736","OTU_7885","OTU_3285","+",0.738222279818426
"737","OTU_3296","OTU_3117","+",0.711318389315774
"738","OTU_3500","OTU_943","+",0.716856017158096
"739","OTU_3500","OTU_3727","+",0.710048358353765
"740","OTU_7714","OTU_1826","+",0.706567508970641
"741","OTU_842","OTU_3138","+",0.710317596381369
"742","OTU_842","OTU_1196","+",0.761400920538295
"743","OTU_842","OTU_3194","+",0.738849141929954
"744","OTU_842","OTU_1830","+",0.707785564842776
"745","OTU_842","OTU_3268","+",0.72761547438147
"746","OTU_842","OTU_3097","+",0.736225225623138
"747","OTU_842","OTU_863","+",0.735515383069256
"748","OTU_842","OTU_353","+",0.778163882834411
"749","OTU_842","OTU_427","+",0.732603872993117
"750","OTU_842","OTU_1857","+",0.713579644204535
"751","OTU_8187","OTU_426","+",0.713416748246497
"752","OTU_8187","OTU_1858","+",0.709018124377162
"753","OTU_3143","OTU_3132","+",0.734120874332514
"754","OTU_3143","OTU_3159","+",0.706963868100097
"755","OTU_3143","OTU_863","+",0.726575118284588
"756","OTU_3143","OTU_8026","+",0.739188680602661
"757","OTU_3143","OTU_3154","+",0.79310697643449
"758","OTU_3143","OTU_8226","+",0.705249814703002
"759","OTU_3143","OTU_7654","+",0.715549443712578
"760","OTU_3143","OTU_653","+",0.778490040224425
"761","OTU_7629","OTU_3134","+",0.744840714145908
"762","OTU_7629","OTU_3268","+",0.735528396559794
"763","OTU_7629","OTU_3132","+",0.720355362072283
"764","OTU_7629","OTU_8083","+",0.703030277033783
"765","OTU_7629","OTU_3163","+",0.722247969136698
"766","OTU_7629","OTU_1853","+",0.743215303060993
"767","OTU_7629","OTU_3099","+",0.700500491336517
"768","OTU_7629","OTU_7098","+",0.722542030367234
"769","OTU_7629","OTU_3283","+",0.715890165255626
"770","OTU_7629","OTU_429","+",0.734930600860995
"771","OTU_7629","OTU_7330","+",0.715097617470166
"772","OTU_7629","OTU_3197","+",0.780498696807179
"773","OTU_7629","OTU_1163","+",0.724512831159969
"774","OTU_4108","OTU_3276","+",0.701691896496231
"775","OTU_1166","OTU_8175","+",0.711675967668003
"776","OTU_1166","OTU_172","+",0.730799742692761
"777","OTU_1166","OTU_1850","+",0.705643963305542
"778","OTU_1166","OTU_851","+",0.716702044167531
"779","OTU_1166","OTU_3199","+",0.706750004891233
"780","OTU_1166","OTU_7975","+",0.709925962643166
"781","OTU_1166","OTU_1840","+",0.791821473052964
"782","OTU_1166","OTU_3166","+",0.70347011008749
"783","OTU_1166","OTU_649","+",0.764284494293802
"784","OTU_1166","OTU_863","+",0.712022531687891
"785","OTU_1166","OTU_353","+",0.73353643911297
"786","OTU_1166","OTU_427","+",0.755807276766338
"787","OTU_1166","OTU_7346","+",0.722724050417042
"788","OTU_1166","OTU_1838","+",0.703597491255931
"789","OTU_1166","OTU_3117","+",0.711461819723122
"790","OTU_1166","OTU_7098","+",0.706107064583233
"791","OTU_2260","OTU_2775","+",0.736483814932168
"792","OTU_3276","OTU_7389","+",0.760749531167508
"793","OTU_3276","OTU_733","+",0.706132694775668
"794","OTU_3276","OTU_3117","+",0.71036460214045
"795","OTU_7415","OTU_1858","+",0.741727878062918
"796","OTU_7415","OTU_10525","+",0.706328075972684
"797","OTU_7415","OTU_1869","+",0.707077460422294
"798","OTU_7415","OTU_1885","+",0.73034088883067
"799","OTU_3522","OTU_2003","+",0.819509586996076
"800","OTU_3522","OTU_11045","+",0.722852309056863
"801","OTU_7648","OTU_1850","+",0.726379043060284
"802","OTU_7648","OTU_3712","+",0.708684155266736
"803","OTU_7648","OTU_1858","+",0.726594483229573
"804","OTU_7648","OTU_1869","+",0.733762872670271
"805","OTU_7648","OTU_7630","+",0.719167557652842
"806","OTU_7648","OTU_1885","+",0.724493765990055
"807","OTU_668","OTU_1169","+",0.724697784556893
"808","OTU_668","OTU_154","+",0.736876847740854
"809","OTU_668","OTU_172","+",0.71820827852436
"810","OTU_668","OTU_847","+",0.797122592904774
"811","OTU_668","OTU_1243","+",0.761317339638744
"812","OTU_668","OTU_1901","+",0.769457598672879
"813","OTU_668","OTU_874","+",0.744165861428417
"814","OTU_668","OTU_1891","+",0.784302034217766
"815","OTU_668","OTU_266","+",0.871718450991694
"816","OTU_668","OTU_1897","+",0.839999817851996
"817","OTU_668","OTU_2252","+",0.762483599041253
"818","OTU_668","OTU_360","+",0.73110856705957
"819","OTU_668","OTU_3222","+",0.784902369624488
"820","OTU_668","OTU_1912","+",0.719000114166749
"821","OTU_668","OTU_1185","+",0.859736452040532
"822","OTU_668","OTU_1892","+",0.821041862904552
"823","OTU_668","OTU_1811","+",0.744186983272948
"824","OTU_668","OTU_126","+",0.856139354119413
"825","OTU_668","OTU_902","+",0.868521817821955
"826","OTU_668","OTU_351","+",0.795490215584476
"827","OTU_668","OTU_264","+",0.887093996498205
"828","OTU_668","OTU_1173","+",0.831786118648826
"829","OTU_668","OTU_3337","+",0.718048634584232
"830","OTU_668","OTU_428","+",0.73715366612618
"831","OTU_668","OTU_1866","+",0.81922179929176
"832","OTU_668","OTU_1848","+",0.816736239183314
"833","OTU_668","OTU_3285","+",0.700387764490206
"834","OTU_668","OTU_3419","+",0.758102349932089
"835","OTU_668","OTU_1204","+",0.797770626199391
"836","OTU_668","OTU_1184","+",0.739693117283488
"837","OTU_668","OTU_8206","+",0.709083888237017
"838","OTU_3138","OTU_1833","+",0.736632624145201
"839","OTU_3138","OTU_1196","+",0.733411753777469
"840","OTU_3138","OTU_7984","+",0.707041337208217
"841","OTU_3138","OTU_3194","+",0.731689171016959
"842","OTU_3138","OTU_3132","+",0.7581656718807
"843","OTU_3138","OTU_3105","+",0.706802340510471
"844","OTU_3138","OTU_1850","+",0.731733400672164
"845","OTU_3138","OTU_3127","+",0.731368696930898
"846","OTU_3138","OTU_7630","+",0.719373322055145
"847","OTU_3138","OTU_1885","+",0.721569556104389
"848","OTU_3138","OTU_3166","+",0.738332411468456
"849","OTU_3138","OTU_863","+",0.768785568347184
"850","OTU_3138","OTU_7346","+",0.762605926594657
"851","OTU_3138","OTU_7636","+",0.759975853735021
"852","OTU_3138","OTU_8026","+",0.73244820634959
"853","OTU_3138","OTU_1178","+",0.720902958636943
"854","OTU_3138","OTU_3352","+",0.700923600195142
"855","OTU_3138","OTU_1820","+",0.718446827446561
"856","OTU_1169","OTU_154","+",0.737277794856417
"857","OTU_1169","OTU_172","+",0.706445034455692
"858","OTU_1169","OTU_847","+",0.729299411343829
"859","OTU_1169","OTU_1243","+",0.726613846817041
"860","OTU_1169","OTU_530","+",0.710085999679441
"861","OTU_1169","OTU_874","+",0.710907116541116
"862","OTU_1169","OTU_266","+",0.833322513616725
"863","OTU_1169","OTU_360","+",0.728993241784815
"864","OTU_1169","OTU_1912","+",0.700693452796545
"865","OTU_1169","OTU_1185","+",0.718964217364865
"866","OTU_1169","OTU_1892","+",0.730334403451527
"867","OTU_1169","OTU_126","+",0.798306179925092
"868","OTU_1169","OTU_902","+",0.723555533916017
"869","OTU_1169","OTU_351","+",0.814525505125204
"870","OTU_1169","OTU_264","+",0.78376099757812
"871","OTU_1169","OTU_1866","+",0.72737347354539
"872","OTU_1169","OTU_1184","+",0.705557778207969
"873","OTU_8175","OTU_7686","+",0.739462112619936
"874","OTU_8175","OTU_1850","+",0.734692775929541
"875","OTU_8175","OTU_1840","+",0.774314131970873
"876","OTU_8175","OTU_3166","+",0.77843789121798
"877","OTU_8175","OTU_1810","+",0.706845844640324
"878","OTU_3139","OTU_1858","+",0.758147635030599
"879","OTU_3139","OTU_1885","+",0.761877746685067
"880","OTU_3134","OTU_1833","+",0.751215458647001
"881","OTU_3134","OTU_3268","+",0.729112660874927
"882","OTU_3134","OTU_3132","+",0.763889289694511
"883","OTU_3134","OTU_1850","+",0.715844352380301
"884","OTU_3134","OTU_7541","+",0.720721684909234
"885","OTU_3134","OTU_851","+",0.703362700198655
"886","OTU_3134","OTU_3150","+",0.759649298326006
"887","OTU_3134","OTU_3159","+",0.70273713894605
"888","OTU_3134","OTU_7630","+",0.759089310501141
"889","OTU_3134","OTU_863","+",0.730598917339458
"890","OTU_3134","OTU_3266","+",0.732475456808898
"891","OTU_3134","OTU_1884","+",0.710245311495779
"892","OTU_3134","OTU_7474","+",0.70299659842175
"893","OTU_3134","OTU_8026","+",0.721871629904906
"894","OTU_3134","OTU_8203","+",0.723870791935212
"895","OTU_3134","OTU_7467","+",0.715220406400021
"896","OTU_3134","OTU_3117","+",0.733541209568764
"897","OTU_3134","OTU_3283","+",0.795498948075837
"898","OTU_3134","OTU_8150","+",0.783505289016234
"899","OTU_3134","OTU_3154","+",0.704768470770189
"900","OTU_3134","OTU_3188","+",0.713515173875866
"901","OTU_3134","OTU_3352","+",0.720103142144663
"902","OTU_3134","OTU_7344","+",0.735490986880347
"903","OTU_3134","OTU_1826","+",0.730876045122047
"904","OTU_3134","OTU_429","+",0.701053975964684
"905","OTU_3134","OTU_1820","+",0.739752500231227
"906","OTU_3134","OTU_7395","+",0.730212828787194
"907","OTU_3134","OTU_8226","+",0.728380982481844
"908","OTU_3134","OTU_7654","+",0.718739338838374
"909","OTU_3134","OTU_3197","+",0.733400903772942
"910","OTU_3134","OTU_653","+",0.708846615086607
"911","OTU_3134","OTU_1163","+",0.764777600885649
"912","OTU_4522","OTU_4516","+",0.743991328312537
"913","OTU_7686","OTU_1850","+",0.729567299708387
"914","OTU_7686","OTU_7975","+",0.702671304770241
"915","OTU_7686","OTU_1840","+",0.754118350247094
"916","OTU_7686","OTU_3166","+",0.757676178421398
"917","OTU_7686","OTU_649","+",0.710473273715304
"918","OTU_7686","OTU_7330","+",0.755422511373591
"919","OTU_659","OTU_154","+",0.719470647852877
"920","OTU_659","OTU_178","+",0.717720612188906
"921","OTU_659","OTU_1891","+",0.714013036830959
"922","OTU_659","OTU_9506","+",0.734476708670552
"923","OTU_659","OTU_3222","+",0.708536263653362
"924","OTU_659","OTU_1866","+",0.733727853898163
"925","OTU_659","OTU_1848","+",0.717742511958309
"926","OTU_659","OTU_3419","+",0.714097704530804
"927","OTU_1812","OTU_1850","+",0.702459357283154
"928","OTU_1812","OTU_3199","+",0.705685216769622
"929","OTU_154","OTU_847","+",0.748837864665134
"930","OTU_154","OTU_1243","+",0.778156600132093
"931","OTU_154","OTU_178","+",0.798438833791641
"932","OTU_154","OTU_1901","+",0.756376262376365
"933","OTU_154","OTU_874","+",0.776826026953091
"934","OTU_154","OTU_1891","+",0.756509427572272
"935","OTU_154","OTU_266","+",0.791665008589164
"936","OTU_154","OTU_1897","+",0.742636816870796
"937","OTU_154","OTU_2252","+",0.737225702846324
"938","OTU_154","OTU_360","+",0.741709864626739
"939","OTU_154","OTU_9506","+",0.723489303609767
"940","OTU_154","OTU_3222","+",0.714916823254279
"941","OTU_154","OTU_1185","+",0.771638374486363
"942","OTU_154","OTU_1892","+",0.746493555611145
"943","OTU_154","OTU_1914","+",0.73077021415363
"944","OTU_154","OTU_1811","+",0.700931370712695
"945","OTU_154","OTU_126","+",0.759393829850746
"946","OTU_154","OTU_902","+",0.735031591194654
"947","OTU_154","OTU_351","+",0.810609404352603
"948","OTU_154","OTU_264","+",0.744500685825293
"949","OTU_154","OTU_1173","+",0.724117378600516
"950","OTU_154","OTU_3337","+",0.746875578560299
"951","OTU_154","OTU_1866","+",0.781729957021297
"952","OTU_154","OTU_1848","+",0.759197233443758
"953","OTU_154","OTU_3285","+",0.748703009818779
"954","OTU_154","OTU_1204","+",0.743874174998857
"955","OTU_154","OTU_1184","+",0.713386892098415
"956","OTU_172","OTU_1833","+",0.714719662472317
"957","OTU_172","OTU_847","+",0.701395466579869
"958","OTU_172","OTU_1196","+",0.727299567165151
"959","OTU_172","OTU_530","+",0.764319643666372
"960","OTU_172","OTU_3127","+",0.702911254175721
"961","OTU_172","OTU_266","+",0.778518494684296
"962","OTU_172","OTU_464","+",0.727624619699348
"963","OTU_172","OTU_863","+",0.779165525733953
"964","OTU_172","OTU_353","+",0.783793517112088
"965","OTU_172","OTU_1838","+",0.733435961548823
"966","OTU_172","OTU_650","+",0.702960128223703
"967","OTU_172","OTU_1897","+",0.745698122179559
"968","OTU_172","OTU_7364","+",0.74701571022898
"969","OTU_172","OTU_3154","+",0.719834017073884
"970","OTU_172","OTU_1185","+",0.717222587167597
"971","OTU_172","OTU_1892","+",0.739930792239899
"972","OTU_172","OTU_1826","+",0.734046660637023
"973","OTU_172","OTU_126","+",0.765831536181618
"974","OTU_172","OTU_902","+",0.754503255706586
"975","OTU_172","OTU_351","+",0.713210355881646
"976","OTU_172","OTU_264","+",0.786956832785991
"977","OTU_172","OTU_7606","+",0.714303880451287
"978","OTU_172","OTU_1820","+",0.745872560186595
"979","OTU_172","OTU_428","+",0.752603686997627
"980","OTU_172","OTU_1866","+",0.727666783029453
"981","OTU_1833","OTU_7389","+",0.735228929629326
"982","OTU_1833","OTU_3268","+",0.708597783425262
"983","OTU_1833","OTU_3105","+",0.708418195710474
"984","OTU_1833","OTU_1850","+",0.753736414337534
"985","OTU_1833","OTU_7541","+",0.721781668151603
"986","OTU_1833","OTU_12327","+",0.766771806133843
"987","OTU_1833","OTU_7630","+",0.841606431691414
"988","OTU_1833","OTU_7751","+",0.709935760806702
"989","OTU_1833","OTU_1853","+",0.768583747638456
"990","OTU_1833","OTU_863","+",0.763284060661868
"991","OTU_1833","OTU_427","+",0.704696688331246
"992","OTU_1833","OTU_1172","+",0.706934826500228
"993","OTU_1833","OTU_8203","+",0.741358982418777
"994","OTU_1833","OTU_7467","+",0.731174263908931
"995","OTU_1833","OTU_3117","+",0.712761980808275
"996","OTU_1833","OTU_7333","+",0.723694407433267
"997","OTU_1833","OTU_3352","+",0.75216662095301
"998","OTU_847","OTU_1243","+",0.707192463804574
"999","OTU_847","OTU_1901","+",0.75649388112753
"1000","OTU_847","OTU_874","+",0.834750352184674
"1001","OTU_847","OTU_1891","+",0.778086005308816
"1002","OTU_847","OTU_266","+",0.807681490189034
"1003","OTU_847","OTU_1897","+",0.788171381904475
"1004","OTU_847","OTU_2252","+",0.735500465930897
"1005","OTU_847","OTU_360","+",0.774162869865825
"1006","OTU_847","OTU_3222","+",0.713667611978677
"1007","OTU_847","OTU_1912","+",0.752444464807994
"1008","OTU_847","OTU_1185","+",0.805620674210625
"1009","OTU_847","OTU_1892","+",0.835049231612159
"1010","OTU_847","OTU_1914","+",0.764392129802426
"1011","OTU_847","OTU_126","+",0.831170582553405
"1012","OTU_847","OTU_902","+",0.822195504816598
"1013","OTU_847","OTU_351","+",0.797647018286747
"1014","OTU_847","OTU_264","+",0.846800133001253
"1015","OTU_847","OTU_1173","+",0.765836701501263
"1016","OTU_847","OTU_1866","+",0.788891346722124
"1017","OTU_847","OTU_1848","+",0.768448772160562
"1018","OTU_847","OTU_1204","+",0.825807905087349
"1019","OTU_847","OTU_1184","+",0.71546921554424
"1020","OTU_847","OTU_8206","+",0.712726444677496
"1021","OTU_1196","OTU_3194","+",0.713180738222193
"1022","OTU_1196","OTU_3268","+",0.70955173885826
"1023","OTU_1196","OTU_3127","+",0.777196990553054
"1024","OTU_1196","OTU_1840","+",0.722421446889848
"1025","OTU_1196","OTU_3166","+",0.721396131464974
"1026","OTU_1196","OTU_863","+",0.729762451979058
"1027","OTU_1196","OTU_353","+",0.706361387651713
"1028","OTU_1196","OTU_7636","+",0.704711449367522
"1029","OTU_1196","OTU_1857","+",0.779279278121855
"1030","OTU_1196","OTU_3283","+",0.701241900998619
"1031","OTU_7984","OTU_7630","+",0.719625859704939
"1032","OTU_2784","OTU_3712","+",0.701422660127109
"1033","OTU_2784","OTU_7630","+",0.714614942864408
"1034","OTU_2784","OTU_7346","+",0.704591139604699
"1035","OTU_3194","OTU_3268","+",0.71471181442799
"1036","OTU_3194","OTU_1850","+",0.738871484982523
"1037","OTU_3194","OTU_3127","+",0.740844692692605
"1038","OTU_3194","OTU_863","+",0.712584220530665
"1039","OTU_3194","OTU_7346","+",0.732173195741384
"1040","OTU_3194","OTU_8082","+",0.704374380260655
"1041","OTU_3194","OTU_1178","+",0.709038211418264
"1042","OTU_426","OTU_3712","+",0.735053675778509
"1043","OTU_426","OTU_1885","+",0.700735828082105
"1044","OTU_426","OTU_733","+",0.726976706870258
"1045","OTU_426","OTU_1832","+",0.727624508764036
"1046","OTU_426","OTU_1810","+",0.703469540424344
"1047","OTU_7396","OTU_8083","+",0.724090503011842
"1048","OTU_7396","OTU_1902","+",0.733467601660699
"1049","OTU_7389","OTU_1850","+",0.70302959457525
"1050","OTU_7389","OTU_12327","+",0.712623245501696
"1051","OTU_7389","OTU_7630","+",0.731401891604629
"1052","OTU_7389","OTU_733","+",0.707636001524315
"1053","OTU_7389","OTU_427","+",0.769657070923408
"1054","OTU_1830","OTU_464","+",0.728432286082425
"1055","OTU_1830","OTU_3159","+",0.742367023317103
"1056","OTU_1830","OTU_863","+",0.700993934433434
"1057","OTU_1830","OTU_7636","+",0.723642474884754
"1058","OTU_1830","OTU_8026","+",0.751414249068655
"1059","OTU_1830","OTU_1163","+",0.71799495417532
"1060","OTU_1243","OTU_178","+",0.720973342434876
"1061","OTU_1243","OTU_1901","+",0.769224406429879
"1062","OTU_1243","OTU_874","+",0.772595431467066
"1063","OTU_1243","OTU_266","+",0.787854175914786
"1064","OTU_1243","OTU_1897","+",0.702785831085608
"1065","OTU_1243","OTU_3222","+",0.737149619928355
"1066","OTU_1243","OTU_1185","+",0.753780218886776
"1067","OTU_1243","OTU_1892","+",0.722529246663188
"1068","OTU_1243","OTU_126","+",0.751506902961636
"1069","OTU_1243","OTU_902","+",0.715957473198618
"1070","OTU_1243","OTU_351","+",0.758644530048482
"1071","OTU_1243","OTU_264","+",0.787541353897398
"1072","OTU_1243","OTU_1173","+",0.709139391558145
"1073","OTU_1243","OTU_1866","+",0.74426307328895
"1074","OTU_1243","OTU_1848","+",0.735066137070012
"1075","OTU_1243","OTU_1204","+",0.701877571229505
"1076","OTU_438","OTU_1892","+",0.701568832260925
"1077","OTU_3268","OTU_1850","+",0.755951406411693
"1078","OTU_3268","OTU_7630","+",0.710102492063797
"1079","OTU_3268","OTU_7360","+",0.719884172303857
"1080","OTU_3268","OTU_649","+",0.747332708959793
"1081","OTU_3268","OTU_863","+",0.760857522053324
"1082","OTU_3268","OTU_1171","+",0.706564155142369
"1083","OTU_3268","OTU_1857","+",0.724642881897475
"1084","OTU_3268","OTU_7467","+",0.700608612937485
"1085","OTU_3268","OTU_3117","+",0.742369604878563
"1086","OTU_3268","OTU_7098","+",0.792089702956818
"1087","OTU_7548","OTU_7400","+",0.70012016675728
"1088","OTU_7548","OTU_8026","+",0.764168594955027
"1089","OTU_12238","OTU_11045","+",0.728199176049671
"1090","OTU_3098","OTU_7975","+",0.718737353736494
"1091","OTU_3098","OTU_3166","+",0.715766149977227
"1092","OTU_3098","OTU_649","+",0.729809232101466
"1093","OTU_3098","OTU_1815","+",0.710249023409765
"1094","OTU_3098","OTU_7636","+",0.710373850244465
"1095","OTU_3132","OTU_3105","+",0.727935138352546
"1096","OTU_3132","OTU_1850","+",0.704102073342022
"1097","OTU_3132","OTU_3150","+",0.74005268220933
"1098","OTU_3132","OTU_3159","+",0.722147547724737
"1099","OTU_3132","OTU_7630","+",0.741585151519448
"1100","OTU_3132","OTU_1885","+",0.7702308392504
"1101","OTU_3132","OTU_649","+",0.725195819789022
"1102","OTU_3132","OTU_1832","+",0.752818207773876
"1103","OTU_3132","OTU_863","+",0.731197413681378
"1104","OTU_3132","OTU_427","+",0.707318649074755
"1105","OTU_3132","OTU_7319","+",0.742793292169334
"1106","OTU_3132","OTU_3100","+",0.704120701696845
"1107","OTU_3132","OTU_8026","+",0.753111316909463
"1108","OTU_3132","OTU_3117","+",0.716598698814997
"1109","OTU_3132","OTU_7098","+",0.735259142893724
"1110","OTU_3132","OTU_1810","+",0.707418731580549
"1111","OTU_3132","OTU_3283","+",0.751235717754194
"1112","OTU_3132","OTU_7395","+",0.709190435783915
"1113","OTU_3132","OTU_7330","+",0.709950582828721
"1114","OTU_3132","OTU_3197","+",0.71778101237003
"1115","OTU_3132","OTU_1163","+",0.746671743140027
"1116","OTU_3105","OTU_427","+",0.756242191919129
"1117","OTU_3105","OTU_8026","+",0.767355084544061
"1118","OTU_3105","OTU_7333","+",0.704765994247161
"1119","OTU_3105","OTU_3154","+",0.711263046212579
"1120","OTU_3105","OTU_7594","+",0.70344379289066
"1121","OTU_3105","OTU_7330","+",0.710020197545056
"1122","OTU_8057","OTU_1857","+",0.727217583723997
"1123","OTU_530","OTU_3127","+",0.78329918387965
"1124","OTU_530","OTU_266","+",0.715935482196875
"1125","OTU_530","OTU_1838","+",0.700442901428339
"1126","OTU_530","OTU_3129","+",0.742589345536663
"1127","OTU_530","OTU_351","+",0.751297461509493
"1128","OTU_530","OTU_7594","+",0.723826813360646
"1129","OTU_530","OTU_7330","+",0.70593265223511
"1130","OTU_702","OTU_943","+",0.718904767402972
"1131","OTU_7899","OTU_3099","+",0.700420844331582
"1132","OTU_178","OTU_626","+",0.71586204010255
"1133","OTU_178","OTU_266","+",0.729960538132055
"1134","OTU_178","OTU_2252","+",0.747376469758168
"1135","OTU_178","OTU_1185","+",0.719877836951652
"1136","OTU_178","OTU_1914","+",0.743805580073944
"1137","OTU_178","OTU_1811","+",0.741698717433155
"1138","OTU_178","OTU_126","+",0.708421636135788
"1139","OTU_178","OTU_9207","+",0.73154208596614
"1140","OTU_178","OTU_351","+",0.725476394910387
"1141","OTU_178","OTU_1866","+",0.7087940758317
"1142","OTU_178","OTU_1848","+",0.732281247034166
"1143","OTU_1839","OTU_7632","+",0.712530904795172
"1144","OTU_1839","OTU_7395","+",0.72662202925775
"1145","OTU_1850","OTU_851","+",0.722089472437334
"1146","OTU_1850","OTU_3199","+",0.764175482986469
"1147","OTU_1850","OTU_12327","+",0.767952882860619
"1148","OTU_1850","OTU_3159","+",0.710829067855684
"1149","OTU_1850","OTU_7630","+",0.795405178739523
"1150","OTU_1850","OTU_1885","+",0.727033863667061
"1151","OTU_1850","OTU_1840","+",0.740040366810648
"1152","OTU_1850","OTU_3166","+",0.749862078591414
"1153","OTU_1850","OTU_7360","+",0.730497310677446
"1154","OTU_1850","OTU_649","+",0.748690184673081
"1155","OTU_1850","OTU_863","+",0.718293415188791
"1156","OTU_1850","OTU_427","+",0.713697080654799
"1157","OTU_1850","OTU_7346","+",0.752800890707362
"1158","OTU_1850","OTU_651","+",0.711776980174042
"1159","OTU_1850","OTU_7474","+",0.717822370736117
"1160","OTU_1850","OTU_8203","+",0.744150287696834
"1161","OTU_1850","OTU_8082","+",0.708687898572515
"1162","OTU_1850","OTU_7467","+",0.778280623528504
"1163","OTU_1850","OTU_3117","+",0.737493063566114
"1164","OTU_1850","OTU_7098","+",0.760645987494874
"1165","OTU_1850","OTU_1810","+",0.727861901690808
"1166","OTU_1850","OTU_7330","+",0.728136808725931
"1167","OTU_1901","OTU_874","+",0.745286595327694
"1168","OTU_1901","OTU_1891","+",0.74856942903612
"1169","OTU_1901","OTU_266","+",0.773783684268617
"1170","OTU_1901","OTU_1897","+",0.78234270117074
"1171","OTU_1901","OTU_9506","+",0.714084083028011
"1172","OTU_1901","OTU_3222","+",0.749527856587789
"1173","OTU_1901","OTU_1185","+",0.775787650994953
"1174","OTU_1901","OTU_1892","+",0.796234259251418
"1175","OTU_1901","OTU_1914","+",0.736151422698254
"1176","OTU_1901","OTU_126","+",0.775031105989865
"1177","OTU_1901","OTU_902","+",0.766368218604953
"1178","OTU_1901","OTU_351","+",0.785990447247467
"1179","OTU_1901","OTU_264","+",0.817960846869773
"1180","OTU_1901","OTU_1173","+",0.790857216491641
"1181","OTU_1901","OTU_1866","+",0.752715336283563
"1182","OTU_1901","OTU_1848","+",0.731163348104746
"1183","OTU_1901","OTU_1204","+",0.721973826139355
"1184","OTU_1901","OTU_1184","+",0.759194122022007
"1185","OTU_1901","OTU_8206","+",0.703284431012463
"1186","OTU_3712","OTU_1858","+",0.760093886698523
"1187","OTU_3712","OTU_1397","+",0.746927063104518
"1188","OTU_3712","OTU_649","+",0.712751490468711
"1189","OTU_3712","OTU_733","+",0.70770746230818
"1190","OTU_3712","OTU_1832","+",0.81091145013406
"1191","OTU_3712","OTU_7346","+",0.745174882942203
"1192","OTU_3712","OTU_7319","+",0.700913951207985
"1193","OTU_1858","OTU_1869","+",0.710615112636631
"1194","OTU_1858","OTU_1885","+",0.73954492361093
"1195","OTU_1858","OTU_733","+",0.72080049113567
"1196","OTU_1858","OTU_7424","+",0.700370673408733
"1197","OTU_4","OTU_353","+",0.716921140652002
"1198","OTU_4","OTU_126","+",0.70283545146281
"1199","OTU_7615","OTU_3199","+",0.722302164081578
"1200","OTU_1168","OTU_1900","+",0.773862764255146
"1201","OTU_10525","OTU_3100","+",0.700728236308433
"1202","OTU_874","OTU_1891","+",0.717438723460021
"1203","OTU_874","OTU_266","+",0.79155161964458
"1204","OTU_874","OTU_1897","+",0.7633955410736
"1205","OTU_874","OTU_360","+",0.713261020386683
"1206","OTU_874","OTU_3222","+",0.724349258734672
"1207","OTU_874","OTU_1912","+",0.715456846292436
"1208","OTU_874","OTU_1185","+",0.765240892311998
"1209","OTU_874","OTU_1892","+",0.787343166029953
"1210","OTU_874","OTU_1914","+",0.717547542279631
"1211","OTU_874","OTU_126","+",0.773795258582257
"1212","OTU_874","OTU_902","+",0.776498321340952
"1213","OTU_874","OTU_351","+",0.767948435204361
"1214","OTU_874","OTU_264","+",0.8287798160216
"1215","OTU_874","OTU_1173","+",0.749725891932057
"1216","OTU_874","OTU_1866","+",0.791473683430304
"1217","OTU_874","OTU_1848","+",0.762428165623806
"1218","OTU_874","OTU_3285","+",0.798269269288296
"1219","OTU_874","OTU_1204","+",0.756838726973429
"1220","OTU_874","OTU_1184","+",0.724809213233371
"1221","OTU_874","OTU_8206","+",0.744858611055558
"1222","OTU_7403","OTU_266","+",0.726180749535572
"1223","OTU_7403","OTU_1892","+",0.758832373453748
"1224","OTU_7403","OTU_351","+",0.734612939161427
"1225","OTU_7403","OTU_264","+",0.719380751244613
"1226","OTU_1891","OTU_266","+",0.76161753671204
"1227","OTU_1891","OTU_1897","+",0.856131286477543
"1228","OTU_1891","OTU_3211","+",0.706007486951204
"1229","OTU_1891","OTU_9506","+",0.797835563851976
"1230","OTU_1891","OTU_3222","+",0.726575497762849
"1231","OTU_1891","OTU_1912","+",0.794336584828265
"1232","OTU_1891","OTU_1185","+",0.883649041838799
"1233","OTU_1891","OTU_1892","+",0.785377708696843
"1234","OTU_1891","OTU_1914","+",0.767157753485746
"1235","OTU_1891","OTU_126","+",0.823246013539427
"1236","OTU_1891","OTU_902","+",0.804902644332827
"1237","OTU_1891","OTU_351","+",0.81358192475463
"1238","OTU_1891","OTU_264","+",0.814241525788118
"1239","OTU_1891","OTU_1173","+",0.767543713813715
"1240","OTU_1891","OTU_1866","+",0.791312687358014
"1241","OTU_1891","OTU_1848","+",0.834805128731518
"1242","OTU_1891","OTU_3285","+",0.732983715928613
"1243","OTU_1891","OTU_3419","+",0.724563072550518
"1244","OTU_1891","OTU_1204","+",0.757653391663382
"1245","OTU_1891","OTU_1184","+",0.731561117968977
"1246","OTU_3321","OTU_3100","+",0.743552673190769
"1247","OTU_3321","OTU_8026","+",0.710450691049223
"1248","OTU_3321","OTU_1181","+",0.711496973952057
"1249","OTU_3321","OTU_7654","+",0.701648262753021
"1250","OTU_7541","OTU_1885","+",0.703575580843979
"1251","OTU_7541","OTU_3117","+",0.749682305345249
"1252","OTU_7541","OTU_1810","+",0.724753235754318
"1253","OTU_7541","OTU_1843","+",0.700573560384574
"1254","OTU_7541","OTU_1820","+",0.710085396094756
"1255","OTU_8122","OTU_1900","+",0.710894769576413
"1256","OTU_8122","OTU_3118","+",0.71747351261455
"1257","OTU_3698","OTU_8849","+",0.707871218202034
"1258","OTU_851","OTU_3199","+",0.70966123196267
"1259","OTU_851","OTU_3097","+",0.759398179466516
"1260","OTU_851","OTU_863","+",0.748628787568668
"1261","OTU_7418","OTU_464","+",0.738469240531427
"1262","OTU_7418","OTU_3099","+",0.739144812485203
"1263","OTU_7418","OTU_8026","+",0.711827896041376
"1264","OTU_7418","OTU_850","+",0.703791725355893
"1265","OTU_7418","OTU_3154","+",0.708137409136662
"1266","OTU_7418","OTU_7594","+",0.708097243879996
"1267","OTU_7418","OTU_428","+",0.718642955760498
"1268","OTU_7418","OTU_7395","+",0.714313702652421
"1269","OTU_7418","OTU_7330","+",0.771071836869327
"1270","OTU_7418","OTU_1902","+",0.702270791311261
"1271","OTU_7418","OTU_7654","+",0.726341051508093
"1272","OTU_7418","OTU_3197","+",0.74720154070965
"1273","OTU_7418","OTU_1163","+",0.790317150959916
"1274","OTU_3127","OTU_863","+",0.728690985559577
"1275","OTU_3127","OTU_353","+",0.712757901372023
"1276","OTU_3127","OTU_1815","+",0.729573278820397
"1277","OTU_3127","OTU_1718","+",0.71181650588554
"1278","OTU_3127","OTU_1857","+",0.713574207973839
"1279","OTU_3127","OTU_3283","+",0.718445604070017
"1280","OTU_3127","OTU_3129","+",0.70497216625169
"1281","OTU_3127","OTU_3118","+",0.727514313314373
"1282","OTU_3127","OTU_428","+",0.705008192844926
"1283","OTU_3127","OTU_1890","+",0.701294935197738
"1284","OTU_3150","OTU_3151","+",0.752871242647946
"1285","OTU_3150","OTU_7975","+",0.818350853640816
"1286","OTU_3150","OTU_3159","+",0.719047283732429
"1287","OTU_3150","OTU_7630","+",0.703388074677709
"1288","OTU_3150","OTU_3099","+",0.731360322357857
"1289","OTU_3150","OTU_3166","+",0.707538964702843
"1290","OTU_3150","OTU_733","+",0.716453017476591
"1291","OTU_3150","OTU_7346","+",0.753462610073261
"1292","OTU_3150","OTU_3266","+",0.753183672610544
"1293","OTU_3150","OTU_1884","+",0.852781516309361
"1294","OTU_3150","OTU_7474","+",0.724993132335028
"1295","OTU_3150","OTU_7636","+",0.723699135552892
"1296","OTU_3150","OTU_8026","+",0.727791390858197
"1297","OTU_3150","OTU_7467","+",0.704634679764017
"1298","OTU_3150","OTU_3263","+",0.721207240733686
"1299","OTU_3150","OTU_3283","+",0.756788376967492
"1300","OTU_3150","OTU_3118","+",0.702649325070271
"1301","OTU_3150","OTU_7395","+",0.718868034704079
"1302","OTU_3150","OTU_7330","+",0.701838759177096
"1303","OTU_3150","OTU_3197","+",0.766309103544721
"1304","OTU_3150","OTU_1163","+",0.745070108329538
"1305","OTU_8083","OTU_519","+",0.721717594500988
"1306","OTU_8083","OTU_3159","+",0.703054407652707
"1307","OTU_8083","OTU_3099","+",0.743890268609898
"1308","OTU_8083","OTU_7346","+",0.718740933277882
"1309","OTU_8083","OTU_7474","+",0.728295651726058
"1310","OTU_8083","OTU_7098","+",0.727067385983817
"1311","OTU_8083","OTU_7456","+",0.742418465443569
"1312","OTU_8083","OTU_3272","+",0.706885182611452
"1313","OTU_8083","OTU_3129","+",0.745319589725974
"1314","OTU_8083","OTU_3352","+",0.721900217655373
"1315","OTU_8083","OTU_7330","+",0.742829653390795
"1316","OTU_8083","OTU_1902","+",0.728340128108292
"1317","OTU_8083","OTU_8226","+",0.754937428341759
"1318","OTU_8083","OTU_7654","+",0.730857239400348
"1319","OTU_8083","OTU_3197","+",0.760848472122282
"1320","OTU_8083","OTU_1163","+",0.771477657474258
"1321","OTU_7609","OTU_427","+",0.761866560027868
"1322","OTU_1397","OTU_8360","+",0.777808641329233
"1323","OTU_266","OTU_1897","+",0.837031789244704
"1324","OTU_266","OTU_2252","+",0.759342959597703
"1325","OTU_266","OTU_360","+",0.748820683316253
"1326","OTU_266","OTU_3222","+",0.767524862051188
"1327","OTU_266","OTU_1912","+",0.775014127562578
"1328","OTU_266","OTU_1185","+",0.820603825631179
"1329","OTU_266","OTU_1892","+",0.855689287225498
"1330","OTU_266","OTU_1914","+",0.761101217526646
"1331","OTU_266","OTU_1811","+",0.709685950710678
"1332","OTU_266","OTU_126","+",0.84948950059201
"1333","OTU_266","OTU_902","+",0.832699236677437
"1334","OTU_266","OTU_351","+",0.854277389987785
"1335","OTU_266","OTU_264","+",0.864260921400425
"1336","OTU_266","OTU_1173","+",0.830627946976487
"1337","OTU_266","OTU_3337","+",0.745100123375373
"1338","OTU_266","OTU_428","+",0.748197906272091
"1339","OTU_266","OTU_1866","+",0.843669778423199
"1340","OTU_266","OTU_1848","+",0.798777480854567
"1341","OTU_266","OTU_3285","+",0.727057145017233
"1342","OTU_266","OTU_1204","+",0.77902331222666
"1343","OTU_266","OTU_1184","+",0.734821538732385
"1344","OTU_3151","OTU_7975","+",0.736944209583332
"1345","OTU_3151","OTU_3265","+",0.715984096129721
"1346","OTU_3151","OTU_3266","+",0.807705848518889
"1347","OTU_3151","OTU_1884","+",0.718293049912158
"1348","OTU_3151","OTU_7988","+",0.72017615947824
"1349","OTU_3151","OTU_8150","+",0.702690720080584
"1350","OTU_3151","OTU_3118","+",0.723341177145021
"1351","OTU_3151","OTU_3197","+",0.711354315821648
"1352","OTU_3289","OTU_12327","+",0.710658631501024
"1353","OTU_3199","OTU_12327","+",0.724478488655464
"1354","OTU_3199","OTU_7630","+",0.707725142972723
"1355","OTU_3199","OTU_1840","+",0.708778634810081
"1356","OTU_3199","OTU_7360","+",0.70420146538926
"1357","OTU_3199","OTU_427","+",0.738350544510803
"1358","OTU_3199","OTU_8203","+",0.748541858939711
"1359","OTU_3199","OTU_7467","+",0.757165333991992
"1360","OTU_3199","OTU_7988","+",0.71582115088664
"1361","OTU_3199","OTU_3117","+",0.743394111720559
"1362","OTU_3199","OTU_1178","+",0.709136437199565
"1363","OTU_3199","OTU_1900","+",0.707635538997744
"1364","OTU_3199","OTU_3197","+",0.763494371952525
"1365","OTU_3274","OTU_7467","+",0.715662109274495
"1366","OTU_3274","OTU_7988","+",0.766448595289126
"1367","OTU_464","OTU_3099","+",0.784036385997298
"1368","OTU_464","OTU_863","+",0.715972173270108
"1369","OTU_464","OTU_1171","+",0.750999701093515
"1370","OTU_464","OTU_8026","+",0.711081524014225
"1371","OTU_464","OTU_1216","+",0.722248071262616
"1372","OTU_464","OTU_126","+",0.70537324969662
"1373","OTU_464","OTU_264","+",0.76239322257244
"1374","OTU_464","OTU_428","+",0.719688888634707
"1375","OTU_464","OTU_7395","+",0.760136371866822
"1376","OTU_464","OTU_1163","+",0.774852624535084
"1377","OTU_7975","OTU_3159","+",0.816170868411973
"1378","OTU_7975","OTU_3099","+",0.712821832813296
"1379","OTU_7975","OTU_3166","+",0.733831996717022
"1380","OTU_7975","OTU_649","+",0.708636260736162
"1381","OTU_7975","OTU_7346","+",0.734124360277961
"1382","OTU_7975","OTU_3266","+",0.731954620643139
"1383","OTU_7975","OTU_1884","+",0.701735188993567
"1384","OTU_7975","OTU_1815","+",0.725636961716047
"1385","OTU_7975","OTU_1171","+",0.716845398244547
"1386","OTU_7975","OTU_7474","+",0.816623125363529
"1387","OTU_7975","OTU_7636","+",0.728086285809752
"1388","OTU_7975","OTU_1838","+",0.740052431252775
"1389","OTU_7975","OTU_1718","+",0.711899977497459
"1390","OTU_7975","OTU_8026","+",0.708755399499691
"1391","OTU_7975","OTU_1216","+",0.710263715704889
"1392","OTU_7975","OTU_7098","+",0.705772774844897
"1393","OTU_7975","OTU_3263","+",0.70314486957585
"1394","OTU_7975","OTU_850","+",0.713113189888307
"1395","OTU_7975","OTU_1900","+",0.738034161101563
"1396","OTU_7975","OTU_7395","+",0.729260032297006
"1397","OTU_7975","OTU_7330","+",0.732005100647585
"1398","OTU_7975","OTU_1902","+",0.713258947127444
"1399","OTU_7975","OTU_7654","+",0.725302076605787
"1400","OTU_7975","OTU_3197","+",0.791996380470754
"1401","OTU_7975","OTU_1163","+",0.704790791770795
"1402","OTU_12327","OTU_7630","+",0.797839773833754
"1403","OTU_12327","OTU_1885","+",0.702582370328363
"1404","OTU_12327","OTU_1853","+",0.723949309617117
"1405","OTU_12327","OTU_427","+",0.730282403232222
"1406","OTU_12327","OTU_7346","+",0.721009606475415
"1407","OTU_12327","OTU_8203","+",0.753737272727204
"1408","OTU_12327","OTU_3117","+",0.704595540328352
"1409","OTU_3163","OTU_7751","+",0.713723365261796
"1410","OTU_3163","OTU_1884","+",0.731517102661998
"1411","OTU_3163","OTU_7355","+",0.729541533501026
"1412","OTU_8001","OTU_6427","+",0.715513703446609
"1413","OTU_1179","OTU_353","+",0.706476428118547
"1414","OTU_3159","OTU_7630","+",0.753879014833504
"1415","OTU_3159","OTU_1885","+",0.746167101817589
"1416","OTU_3159","OTU_3099","+",0.719271101910612
"1417","OTU_3159","OTU_863","+",0.724325798874275
"1418","OTU_3159","OTU_7346","+",0.719669429576305
"1419","OTU_3159","OTU_3266","+",0.708567413107252
"1420","OTU_3159","OTU_1884","+",0.709834051035041
"1421","OTU_3159","OTU_1171","+",0.702853189561887
"1422","OTU_3159","OTU_7474","+",0.786057109672341
"1423","OTU_3159","OTU_7636","+",0.756810371993174
"1424","OTU_3159","OTU_7470","+",0.722166675001647
"1425","OTU_3159","OTU_8026","+",0.750811350792112
"1426","OTU_3159","OTU_7098","+",0.789687270681599
"1427","OTU_3159","OTU_7355","+",0.719486654453178
"1428","OTU_3159","OTU_3283","+",0.716098998668697
"1429","OTU_3159","OTU_3154","+",0.769478590579109
"1430","OTU_3159","OTU_7654","+",0.789162056579241
"1431","OTU_3159","OTU_3197","+",0.71783523992757
"1432","OTU_3159","OTU_653","+",0.728725697727154
"1433","OTU_3159","OTU_1163","+",0.730589429300515
"1434","OTU_6427","OTU_7988","+",0.705805249521634
"1435","OTU_7630","OTU_7751","+",0.777814520749604
"1436","OTU_7630","OTU_1885","+",0.789975445391544
"1437","OTU_7630","OTU_733","+",0.70123172690808
"1438","OTU_7630","OTU_863","+",0.704760658220064
"1439","OTU_7630","OTU_7346","+",0.735893801725489
"1440","OTU_7630","OTU_651","+",0.703779959455642
"1441","OTU_7630","OTU_3266","+",0.724781752954473
"1442","OTU_7630","OTU_7319","+",0.752067317930434
"1443","OTU_7630","OTU_8203","+",0.772489226284253
"1444","OTU_7630","OTU_8082","+",0.731265534155944
"1445","OTU_7630","OTU_7467","+",0.744145160127247
"1446","OTU_7630","OTU_3117","+",0.726848098584571
"1447","OTU_7630","OTU_7098","+",0.715882109917963
"1448","OTU_7630","OTU_7333","+",0.718769245675835
"1449","OTU_7630","OTU_3352","+",0.710406776008465
"1450","OTU_7630","OTU_1820","+",0.707280860491628
"1451","OTU_7630","OTU_7330","+",0.702866007074251
"1452","OTU_3097","OTU_1840","+",0.758306920332823
"1453","OTU_3097","OTU_3099","+",0.726467738948185
"1454","OTU_3097","OTU_863","+",0.700813775409568
"1455","OTU_3097","OTU_7636","+",0.729906950138936
"1456","OTU_3097","OTU_8026","+",0.727759424800101
"1457","OTU_3097","OTU_3117","+",0.711459266097734
"1458","OTU_3097","OTU_7098","+",0.701887318431101
"1459","OTU_3097","OTU_3283","+",0.730297725978274
"1460","OTU_3097","OTU_7330","+",0.704897090002353
"1461","OTU_3097","OTU_8226","+",0.712271532406603
"1462","OTU_7751","OTU_1885","+",0.766630326628312
"1463","OTU_1885","OTU_649","+",0.72238596138476
"1464","OTU_1885","OTU_733","+",0.701992200960393
"1465","OTU_1885","OTU_863","+",0.719536037461038
"1466","OTU_1885","OTU_427","+",0.721468872100881
"1467","OTU_1885","OTU_4531","+",0.7605322844997
"1468","OTU_1885","OTU_3100","+",0.778728218293888
"1469","OTU_1885","OTU_7474","+",0.701984780466668
"1470","OTU_1885","OTU_2203","+",0.732617274623277
"1471","OTU_1885","OTU_1843","+",0.721095426833578
"1472","OTU_1840","OTU_3099","+",0.721849603407708
"1473","OTU_1840","OTU_3166","+",0.735968821949748
"1474","OTU_1840","OTU_649","+",0.777487621706644
"1475","OTU_1840","OTU_427","+",0.720415879049818
"1476","OTU_1840","OTU_3117","+",0.801665551262202
"1477","OTU_1840","OTU_7098","+",0.762742693951367
"1478","OTU_1840","OTU_1810","+",0.732797586188825
"1479","OTU_1840","OTU_1843","+",0.702883024843837
"1480","OTU_1840","OTU_7330","+",0.751815885466317
"1481","OTU_1853","OTU_8203","+",0.736652618190462
"1482","OTU_1853","OTU_8082","+",0.749131542779146
"1483","OTU_1853","OTU_7670","+",0.712524260914824
"1484","OTU_3099","OTU_3166","+",0.710206868891733
"1485","OTU_3099","OTU_863","+",0.717470734500195
"1486","OTU_3099","OTU_1171","+",0.7364920555504
"1487","OTU_3099","OTU_1172","+",0.834936959292812
"1488","OTU_3099","OTU_7474","+",0.727024357231124
"1489","OTU_3099","OTU_7636","+",0.761533124846834
"1490","OTU_3099","OTU_7470","+",0.728573941983161
"1491","OTU_3099","OTU_1838","+",0.755595993341156
"1492","OTU_3099","OTU_8026","+",0.784352316209095
"1493","OTU_3099","OTU_1216","+",0.723329689855611
"1494","OTU_3099","OTU_7098","+",0.721769888227641
"1495","OTU_3099","OTU_7333","+",0.736548714207043
"1496","OTU_3099","OTU_7632","+",0.777804523630871
"1497","OTU_3099","OTU_3129","+",0.72854729093132
"1498","OTU_3099","OTU_7723","+",0.725840219736698
"1499","OTU_3099","OTU_1826","+",0.739558348831802
"1500","OTU_3099","OTU_7606","+",0.731179447318472
"1501","OTU_3099","OTU_428","+",0.737324911921572
"1502","OTU_3099","OTU_7395","+",0.754904540598508
"1503","OTU_3099","OTU_7330","+",0.744353991191062
"1504","OTU_3099","OTU_1902","+",0.767534771164009
"1505","OTU_3099","OTU_8226","+",0.752124413843314
"1506","OTU_3099","OTU_7654","+",0.723491785809458
"1507","OTU_3099","OTU_3197","+",0.722405218602138
"1508","OTU_3099","OTU_1163","+",0.859872414876865
"1509","OTU_3166","OTU_649","+",0.723604651639025
"1510","OTU_3166","OTU_1832","+",0.71233141718787
"1511","OTU_3166","OTU_427","+",0.704612999087399
"1512","OTU_3166","OTU_7346","+",0.735771029523237
"1513","OTU_3166","OTU_1815","+",0.766492210334226
"1514","OTU_3166","OTU_7636","+",0.729513980396548
"1515","OTU_3166","OTU_8026","+",0.707974032141723
"1516","OTU_3166","OTU_1900","+",0.748867825920571
"1517","OTU_3166","OTU_7594","+",0.709515536253715
"1518","OTU_3166","OTU_7395","+",0.725292375664884
"1519","OTU_3166","OTU_7330","+",0.775910431184091
"1520","OTU_3166","OTU_1902","+",0.706378870683125
"1521","OTU_3166","OTU_3197","+",0.703088802148034
"1522","OTU_3166","OTU_1163","+",0.701019445766551
"1523","OTU_7360","OTU_651","+",0.705606109127831
"1524","OTU_7360","OTU_7098","+",0.708805518690668
"1525","OTU_7360","OTU_7330","+",0.729627335622161
"1526","OTU_3265","OTU_7988","+",0.752964571612187
"1527","OTU_649","OTU_863","+",0.726301144374777
"1528","OTU_649","OTU_427","+",0.753435385222237
"1529","OTU_649","OTU_7346","+",0.700448129941996
"1530","OTU_649","OTU_1815","+",0.743176603895319
"1531","OTU_649","OTU_8203","+",0.705684334013004
"1532","OTU_649","OTU_7988","+",0.707439186907031
"1533","OTU_649","OTU_3117","+",0.708040957095482
"1534","OTU_649","OTU_7098","+",0.734167615760948
"1535","OTU_649","OTU_1810","+",0.708764982973453
"1536","OTU_658","OTU_3204","+",0.779731994470713
"1537","OTU_658","OTU_7330","+",0.741559308322546
"1538","OTU_1832","OTU_7319","+",0.713763626257252
"1539","OTU_1832","OTU_8082","+",0.710462155246247
"1540","OTU_863","OTU_353","+",0.776589548947056
"1541","OTU_863","OTU_427","+",0.710111933988072
"1542","OTU_863","OTU_7346","+",0.706607801844371
"1543","OTU_863","OTU_1172","+",0.735779577071235
"1544","OTU_863","OTU_8026","+",0.712999109387303
"1545","OTU_863","OTU_3117","+",0.702181137386101
"1546","OTU_863","OTU_3352","+",0.720278631704745
"1547","OTU_863","OTU_1826","+",0.734022701070577
"1548","OTU_863","OTU_7606","+",0.711529987087471
"1549","OTU_863","OTU_1820","+",0.759211342842724
"1550","OTU_863","OTU_7395","+",0.710434972513715
"1551","OTU_863","OTU_8226","+",0.715617807601843
"1552","OTU_353","OTU_427","+",0.724184448422869
"1553","OTU_353","OTU_3283","+",0.715082935738926
"1554","OTU_353","OTU_7364","+",0.731613048000992
"1555","OTU_427","OTU_7346","+",0.706571151097423
"1556","OTU_7346","OTU_7636","+",0.743146669663451
"1557","OTU_7346","OTU_7467","+",0.736141368807686
"1558","OTU_7346","OTU_1178","+",0.785645602011832
"1559","OTU_7346","OTU_7098","+",0.749841078686889
"1560","OTU_7346","OTU_3352","+",0.710648323567716
"1561","OTU_651","OTU_3266","+",0.71790703454781
"1562","OTU_651","OTU_7467","+",0.755946778133179
"1563","OTU_651","OTU_3117","+",0.749186863486349
"1564","OTU_651","OTU_7330","+",0.701058851937056
"1565","OTU_651","OTU_7654","+",0.709256592634869
"1566","OTU_4531","OTU_7474","+",0.735814940840415
"1567","OTU_3266","OTU_1884","+",0.715946234399916
"1568","OTU_3266","OTU_7988","+",0.708652357242717
"1569","OTU_3266","OTU_8150","+",0.717391807763052
"1570","OTU_3266","OTU_1900","+",0.725409745042664
"1571","OTU_3266","OTU_3197","+",0.784854318615926
"1572","OTU_3266","OTU_1163","+",0.723518821230663
"1573","OTU_7400","OTU_7632","+",0.744575865777433
"1574","OTU_1884","OTU_7330","+",0.700640519137947
"1575","OTU_1884","OTU_3197","+",0.709661470633299
"1576","OTU_1815","OTU_1172","+",0.706640486373539
"1577","OTU_1815","OTU_7636","+",0.703508461018982
"1578","OTU_1815","OTU_8026","+",0.715749090724745
"1579","OTU_1815","OTU_7594","+",0.711138162490304
"1580","OTU_1815","OTU_7330","+",0.700716762096115
"1581","OTU_1171","OTU_7636","+",0.738231869158174
"1582","OTU_1171","OTU_7098","+",0.756343053134963
"1583","OTU_1171","OTU_3129","+",0.73530911824523
"1584","OTU_1171","OTU_7395","+",0.739662428694127
"1585","OTU_1171","OTU_653","+",0.732279446475163
"1586","OTU_1171","OTU_1163","+",0.716280924101112
"1587","OTU_1845","OTU_8026","+",0.705602127858957
"1588","OTU_1889","OTU_3262","+",0.724797070489225
"1589","OTU_7319","OTU_7636","+",0.718110912405785
"1590","OTU_1172","OTU_1838","+",0.742308306462935
"1591","OTU_1172","OTU_8026","+",0.714111194266157
"1592","OTU_1172","OTU_1216","+",0.750614108670458
"1593","OTU_1172","OTU_7632","+",0.737369911345576
"1594","OTU_1172","OTU_3129","+",0.757411347041457
"1595","OTU_1172","OTU_7723","+",0.728338871590043
"1596","OTU_1172","OTU_1826","+",0.721710784822854
"1597","OTU_1172","OTU_7606","+",0.711814426726865
"1598","OTU_1172","OTU_7395","+",0.730958730323712
"1599","OTU_1172","OTU_1902","+",0.700289484057295
"1600","OTU_1172","OTU_8226","+",0.775703627407324
"1601","OTU_3100","OTU_8026","+",0.719971668950729
"1602","OTU_7474","OTU_1216","+",0.704869486080351
"1603","OTU_7474","OTU_7098","+",0.732929055588467
"1604","OTU_7474","OTU_3204","+",0.777797610633992
"1605","OTU_7474","OTU_3154","+",0.733578944758835
"1606","OTU_7474","OTU_1900","+",0.706106671035769
"1607","OTU_7474","OTU_7395","+",0.723498823152795
"1608","OTU_7474","OTU_7330","+",0.757428782802513
"1609","OTU_7474","OTU_7654","+",0.709312696770488
"1610","OTU_7474","OTU_3197","+",0.777539984158648
"1611","OTU_7474","OTU_1163","+",0.742612929663868
"1612","OTU_7636","OTU_8026","+",0.716817855662151
"1613","OTU_7636","OTU_7098","+",0.707405069333468
"1614","OTU_7636","OTU_3283","+",0.700298713013096
"1615","OTU_7636","OTU_7632","+",0.747093522238772
"1616","OTU_7636","OTU_7330","+",0.701911414467285
"1617","OTU_7470","OTU_8226","+",0.738049736134856
"1618","OTU_1838","OTU_8026","+",0.708115709193504
"1619","OTU_1838","OTU_7632","+",0.705484344484651
"1620","OTU_1838","OTU_3154","+",0.702486627743725
"1621","OTU_1838","OTU_1820","+",0.702794224995136
"1622","OTU_1838","OTU_1902","+",0.782039014646836
"1623","OTU_1838","OTU_653","+",0.707726674028525
"1624","OTU_1718","OTU_3154","+",0.705160370857082
"1625","OTU_1857","OTU_8203","+",0.701225313865135
"1626","OTU_8026","OTU_7355","+",0.747793792642649
"1627","OTU_8026","OTU_3154","+",0.769748143459315
"1628","OTU_8026","OTU_7723","+",0.715613730177229
"1629","OTU_8026","OTU_7344","+",0.714163125149042
"1630","OTU_8026","OTU_3118","+",0.737617948201723
"1631","OTU_8026","OTU_7594","+",0.791020314090979
"1632","OTU_8026","OTU_7395","+",0.750503875793961
"1633","OTU_8026","OTU_7330","+",0.73988509580376
"1634","OTU_8026","OTU_1902","+",0.720912774754632
"1635","OTU_8026","OTU_8226","+",0.746007235045351
"1636","OTU_8026","OTU_7654","+",0.762821191633269
"1637","OTU_8026","OTU_3197","+",0.713558982949042
"1638","OTU_8026","OTU_653","+",0.749635951669721
"1639","OTU_8026","OTU_1163","+",0.805869960768401
"1640","OTU_650","OTU_428","+",0.717898088451752
"1641","OTU_650","OTU_653","+",0.760644490831459
"1642","OTU_8203","OTU_8082","+",0.746042522055521
"1643","OTU_8203","OTU_7988","+",0.707120895088055
"1644","OTU_8203","OTU_1178","+",0.736041388487193
"1645","OTU_8203","OTU_1810","+",0.730433722728636
"1646","OTU_8203","OTU_3188","+",0.709434408380647
"1647","OTU_8203","OTU_3352","+",0.725365658539561
"1648","OTU_8203","OTU_7330","+",0.724682723154839
"1649","OTU_8203","OTU_3197","+",0.719942773440692
"1650","OTU_7467","OTU_3117","+",0.74771462496212
"1651","OTU_7467","OTU_1178","+",0.738450972733653
"1652","OTU_7467","OTU_1820","+",0.738731699550962
"1653","OTU_4519","OTU_2203","+",0.772525206404922
"1654","OTU_1216","OTU_7595","+",0.733366821082575
"1655","OTU_1216","OTU_429","+",0.717033538804147
"1656","OTU_1216","OTU_7395","+",0.824536172294041
"1657","OTU_1216","OTU_3197","+",0.70496880296534
"1658","OTU_7988","OTU_3262","+",0.700282245300005
"1659","OTU_3117","OTU_7098","+",0.788793514588575
"1660","OTU_1178","OTU_3352","+",0.745661405326719
"1661","OTU_1178","OTU_1820","+",0.731248313817705
"1662","OTU_1178","OTU_3197","+",0.706878779323155
"1663","OTU_7098","OTU_3129","+",0.767233879848806
"1664","OTU_7098","OTU_1890","+",0.717142111244456
"1665","OTU_7098","OTU_7330","+",0.751462264243199
"1666","OTU_7098","OTU_3197","+",0.712275080557435
"1667","OTU_7098","OTU_1163","+",0.738624065168997
"1668","OTU_1810","OTU_7456","+",0.756701987014492
"1669","OTU_1810","OTU_7330","+",0.73977927025912
"1670","OTU_3263","OTU_1900","+",0.717643403244024
"1671","OTU_3263","OTU_1826","+",0.723520997172506
"1672","OTU_3263","OTU_7395","+",0.706335603939218
"1673","OTU_3263","OTU_3197","+",0.702223314697099
"1674","OTU_7355","OTU_7333","+",0.709370315965847
"1675","OTU_7355","OTU_3154","+",0.729780053860688
"1676","OTU_7355","OTU_1820","+",0.705612796761533
"1677","OTU_7355","OTU_7395","+",0.723846883252896
"1678","OTU_7355","OTU_8226","+",0.746075839922654
"1679","OTU_7355","OTU_7654","+",0.760063441242175
"1680","OTU_7355","OTU_3197","+",0.712445554586204
"1681","OTU_7355","OTU_1163","+",0.727655121182247
"1682","OTU_1897","OTU_3211","+",0.729877923259143
"1683","OTU_1897","OTU_360","+",0.720447875002269
"1684","OTU_1897","OTU_3222","+",0.765307565471004
"1685","OTU_1897","OTU_1912","+",0.773841011149732
"1686","OTU_1897","OTU_1185","+",0.858187613161872
"1687","OTU_1897","OTU_1892","+",0.863758409016783
"1688","OTU_1897","OTU_1914","+",0.741416902982558
"1689","OTU_1897","OTU_126","+",0.829102149661119
"1690","OTU_1897","OTU_902","+",0.880259590121161
"1691","OTU_1897","OTU_351","+",0.805095500107971
"1692","OTU_1897","OTU_264","+",0.842297706945608
"1693","OTU_1897","OTU_1173","+",0.84066443093321
"1694","OTU_1897","OTU_428","+",0.740812809151067
"1695","OTU_1897","OTU_1866","+",0.839769910390636
"1696","OTU_1897","OTU_1848","+",0.838766744512144
"1697","OTU_1897","OTU_3285","+",0.834719681621316
"1698","OTU_1897","OTU_3419","+",0.770524318598304
"1699","OTU_1897","OTU_1204","+",0.750686753522263
"1700","OTU_1897","OTU_1184","+",0.742827548234036
"1701","OTU_1897","OTU_8206","+",0.733222072360301
"1702","OTU_3204","OTU_3197","+",0.737315213699471
"1703","OTU_7378","OTU_3262","+",0.761464438050327
"1704","OTU_3283","OTU_8150","+",0.706278022627593
"1705","OTU_3283","OTU_1189","+",0.716627704074636
"1706","OTU_850","OTU_3154","+",0.700048196210519
"1707","OTU_850","OTU_428","+",0.714246658394012
"1708","OTU_850","OTU_7330","+",0.716570354355468
"1709","OTU_850","OTU_3197","+",0.779497316708741
"1710","OTU_7456","OTU_2203","+",0.717369423319391
"1711","OTU_7456","OTU_7330","+",0.716938985482099
"1712","OTU_7333","OTU_7330","+",0.786961056568744
"1713","OTU_7333","OTU_1902","+",0.723544476480281
"1714","OTU_8150","OTU_3262","+",0.761752828687295
"1715","OTU_3262","OTU_8019","+",0.701595408366547
"1716","OTU_7632","OTU_3118","+",0.705326574856041
"1717","OTU_7632","OTU_3344","+",0.722609487964244
"1718","OTU_7364","OTU_3352","+",0.741193463656304
"1719","OTU_2203","OTU_1843","+",0.705212856604268
"1720","OTU_3129","OTU_7594","+",0.750564104972618
"1721","OTU_3129","OTU_428","+",0.71470259176981
"1722","OTU_3129","OTU_7395","+",0.70160140094836
"1723","OTU_3129","OTU_7330","+",0.70661131603098
"1724","OTU_3129","OTU_1163","+",0.723852590598316
"1725","OTU_8222","OTU_3329","+",0.726834353262719
"1726","OTU_3154","OTU_3112","+",0.711325279687796
"1727","OTU_3154","OTU_1826","+",0.709966234586816
"1728","OTU_3154","OTU_7330","+",0.71277442254316
"1729","OTU_3154","OTU_7654","+",0.787333489419531
"1730","OTU_3154","OTU_653","+",0.774496868947874
"1731","OTU_3154","OTU_1163","+",0.7360572225969
"1732","OTU_2252","OTU_1185","+",0.751341694364157
"1733","OTU_2252","OTU_1892","+",0.738979965083481
"1734","OTU_2252","OTU_1914","+",0.765634288089435
"1735","OTU_2252","OTU_1811","+",0.701780967518673
"1736","OTU_2252","OTU_126","+",0.792111063809301
"1737","OTU_2252","OTU_351","+",0.729115350694114
"1738","OTU_2252","OTU_264","+",0.730386733423597
"1739","OTU_2252","OTU_1173","+",0.721728453264906
"1740","OTU_2252","OTU_3337","+",0.709739739438955
"1741","OTU_2252","OTU_1866","+",0.760558320112178
"1742","OTU_2252","OTU_1848","+",0.730258454087893
"1743","OTU_2252","OTU_3419","+",0.715687193079312
"1744","OTU_2252","OTU_1204","+",0.732375007541512
"1745","OTU_1900","OTU_429","+",0.712173245396142
"1746","OTU_1900","OTU_7330","+",0.751410929451361
"1747","OTU_1900","OTU_3197","+",0.858228713831199
"1748","OTU_1900","OTU_1163","+",0.779596725916725
"1749","OTU_1900","OTU_1189","+",0.712146235719294
"1750","OTU_1900","OTU_8130","+",0.708459061225821
"1751","OTU_1900","OTU_8019","+",0.706804823168047
"1752","OTU_1900","OTU_3329","+",0.70068105500418
"1753","OTU_3211","OTU_1185","+",0.705279807778328
"1754","OTU_3211","OTU_1892","+",0.736565630339274
"1755","OTU_3211","OTU_1914","+",0.721936294273895
"1756","OTU_3211","OTU_126","+",0.734442031216528
"1757","OTU_3211","OTU_902","+",0.743926261900281
"1758","OTU_3211","OTU_351","+",0.72121052311622
"1759","OTU_3211","OTU_1866","+",0.769189201454044
"1760","OTU_360","OTU_1912","+",0.717282910428868
"1761","OTU_360","OTU_1185","+",0.708707837066324
"1762","OTU_360","OTU_1892","+",0.77164609660292
"1763","OTU_360","OTU_1914","+",0.700966233597189
"1764","OTU_360","OTU_126","+",0.738327922273772
"1765","OTU_360","OTU_902","+",0.744174049517838
"1766","OTU_360","OTU_351","+",0.737021627667796
"1767","OTU_360","OTU_264","+",0.708329855318759
"1768","OTU_360","OTU_3337","+",0.745595223474593
"1769","OTU_360","OTU_1866","+",0.771941291022018
"1770","OTU_360","OTU_1848","+",0.736537773995123
"1771","OTU_360","OTU_1204","+",0.738209250011592
"1772","OTU_360","OTU_1184","+",0.715747615054429
"1773","OTU_360","OTU_666","+",0.70958581508781
"1774","OTU_655","OTU_1185","+",0.70648816210725
"1775","OTU_655","OTU_1892","+",0.700161440644753
"1776","OTU_655","OTU_902","+",0.706198260268467
"1777","OTU_655","OTU_351","+",0.76165479931677
"1778","OTU_7723","OTU_1826","+",0.717065040039226
"1779","OTU_7723","OTU_3118","+",0.727728589735665
"1780","OTU_7723","OTU_1163","+",0.720762948400163
"1781","OTU_3352","OTU_8226","+",0.73325902401121
"1782","OTU_1199","OTU_8019","+",0.720877427345502
"1783","OTU_9506","OTU_1185","+",0.771771254360464
"1784","OTU_9506","OTU_1914","+",0.775682436213681
"1785","OTU_9506","OTU_126","+",0.706358861752623
"1786","OTU_9506","OTU_902","+",0.720702558553019
"1787","OTU_9506","OTU_264","+",0.747562628431682
"1788","OTU_9506","OTU_1866","+",0.749125209476341
"1789","OTU_9506","OTU_1848","+",0.730480706213553
"1790","OTU_9506","OTU_3419","+",0.710277288667967
"1791","OTU_9506","OTU_1204","+",0.707317884537819
"1792","OTU_9506","OTU_1184","+",0.750122119425804
"1793","OTU_3222","OTU_1185","+",0.77350770437466
"1794","OTU_3222","OTU_1892","+",0.772724459322198
"1795","OTU_3222","OTU_1914","+",0.753578108582715
"1796","OTU_3222","OTU_126","+",0.778957752205346
"1797","OTU_3222","OTU_902","+",0.753177987400342
"1798","OTU_3222","OTU_351","+",0.734740848415626
"1799","OTU_3222","OTU_264","+",0.80676200909777
"1800","OTU_3222","OTU_1173","+",0.716981113491901
"1801","OTU_3222","OTU_1866","+",0.787585839922582
"1802","OTU_3222","OTU_1848","+",0.739911086326215
"1803","OTU_3222","OTU_3285","+",0.75308016932626
"1804","OTU_3222","OTU_3419","+",0.733858328324067
"1805","OTU_1912","OTU_1185","+",0.766491368236428
"1806","OTU_1912","OTU_1892","+",0.813441052737982
"1807","OTU_1912","OTU_126","+",0.749332762893886
"1808","OTU_1912","OTU_902","+",0.782006693861637
"1809","OTU_1912","OTU_351","+",0.778121882562562
"1810","OTU_1912","OTU_264","+",0.738275286631503
"1811","OTU_1912","OTU_1173","+",0.800383503246703
"1812","OTU_1912","OTU_1866","+",0.770534503533624
"1813","OTU_1912","OTU_1848","+",0.799001284796744
"1814","OTU_1912","OTU_3285","+",0.762008111300994
"1815","OTU_1912","OTU_1204","+",0.725311211301274
"1816","OTU_1912","OTU_1184","+",0.750565096577656
"1817","OTU_3112","OTU_1826","+",0.774857143801027
"1818","OTU_3112","OTU_3118","+",0.700101118638465
"1819","OTU_3112","OTU_428","+",0.744495545980029
"1820","OTU_3112","OTU_3197","+",0.73049551789023
"1821","OTU_3112","OTU_653","+",0.729940288404434
"1822","OTU_3112","OTU_1189","+",0.701588473133968
"1823","OTU_1185","OTU_1892","+",0.800370669374887
"1824","OTU_1185","OTU_1914","+",0.797689165219106
"1825","OTU_1185","OTU_1811","+",0.719361458958298
"1826","OTU_1185","OTU_126","+",0.87400686543885
"1827","OTU_1185","OTU_902","+",0.860973549019693
"1828","OTU_1185","OTU_351","+",0.85060786866532
"1829","OTU_1185","OTU_264","+",0.870180398547957
"1830","OTU_1185","OTU_1173","+",0.852542948518333
"1831","OTU_1185","OTU_3337","+",0.745894041382729
"1832","OTU_1185","OTU_428","+",0.710076369860769
"1833","OTU_1185","OTU_1866","+",0.841891708721011
"1834","OTU_1185","OTU_1848","+",0.900897903307417
"1835","OTU_1185","OTU_3285","+",0.73859389193959
"1836","OTU_1185","OTU_3419","+",0.753826617338704
"1837","OTU_1185","OTU_1204","+",0.785264286812094
"1838","OTU_1185","OTU_1184","+",0.75619019565683
"1839","OTU_1892","OTU_1914","+",0.767771960968926
"1840","OTU_1892","OTU_1811","+",0.707665099779679
"1841","OTU_1892","OTU_126","+",0.885618762380945
"1842","OTU_1892","OTU_902","+",0.860075973601605
"1843","OTU_1892","OTU_351","+",0.881487357001946
"1844","OTU_1892","OTU_264","+",0.869519488557332
"1845","OTU_1892","OTU_1173","+",0.86529801468863
"1846","OTU_1892","OTU_428","+",0.738402663182412
"1847","OTU_1892","OTU_1866","+",0.849503863856555
"1848","OTU_1892","OTU_1848","+",0.832397910462424
"1849","OTU_1892","OTU_3285","+",0.777928796880324
"1850","OTU_1892","OTU_3419","+",0.736948231776528
"1851","OTU_1892","OTU_1204","+",0.808208237065415
"1852","OTU_1892","OTU_1184","+",0.832030335057509
"1853","OTU_1892","OTU_8206","+",0.769441314876795
"1854","OTU_1914","OTU_126","+",0.796074303433628
"1855","OTU_1914","OTU_351","+",0.781621154567616
"1856","OTU_1914","OTU_264","+",0.766417398195032
"1857","OTU_1914","OTU_1173","+",0.722999471210005
"1858","OTU_1914","OTU_1866","+",0.789725701944286
"1859","OTU_1914","OTU_1848","+",0.786767051773033
"1860","OTU_1914","OTU_3419","+",0.738759196708796
"1861","OTU_1914","OTU_1204","+",0.774867065859256
"1862","OTU_7344","OTU_1826","+",0.728409333941089
"1863","OTU_7344","OTU_7395","+",0.772915004547972
"1864","OTU_7344","OTU_7654","+",0.729445351620512
"1865","OTU_7344","OTU_1163","+",0.732914633033272
"1866","OTU_7670","OTU_1820","+",0.732826163777558
"1867","OTU_1811","OTU_126","+",0.706302258452797
"1868","OTU_1811","OTU_902","+",0.739246284436187
"1869","OTU_1811","OTU_351","+",0.72846818448351
"1870","OTU_1811","OTU_264","+",0.744919085812614
"1871","OTU_1811","OTU_1866","+",0.719645162734402
"1872","OTU_1811","OTU_1848","+",0.707640285737855
"1873","OTU_1811","OTU_1204","+",0.708147244951326
"1874","OTU_1826","OTU_126","+",0.71565666495621
"1875","OTU_1826","OTU_7606","+",0.739111409328717
"1876","OTU_1826","OTU_3118","+",0.721708779970735
"1877","OTU_1826","OTU_428","+",0.769713456089723
"1878","OTU_1826","OTU_7395","+",0.795007010554211
"1879","OTU_1826","OTU_8226","+",0.737346105808052
"1880","OTU_1826","OTU_7654","+",0.702053945105797
"1881","OTU_1826","OTU_1163","+",0.732682359322621
"1882","OTU_126","OTU_902","+",0.875190373441127
"1883","OTU_126","OTU_351","+",0.913922771378999
"1884","OTU_126","OTU_264","+",0.897290756757098
"1885","OTU_126","OTU_1173","+",0.807248621288731
"1886","OTU_126","OTU_428","+",0.844195340014268
"1887","OTU_126","OTU_1866","+",0.867871882136844
"1888","OTU_126","OTU_1848","+",0.835362365582633
"1889","OTU_126","OTU_3285","+",0.751047021795369
"1890","OTU_126","OTU_3419","+",0.776554639598087
"1891","OTU_126","OTU_1204","+",0.794803700938443
"1892","OTU_126","OTU_1184","+",0.808452318724915
"1893","OTU_126","OTU_8206","+",0.763618526612822
"1894","OTU_902","OTU_351","+",0.850035701244274
"1895","OTU_902","OTU_264","+",0.888854856175653
"1896","OTU_902","OTU_1173","+",0.837151158122154
"1897","OTU_902","OTU_428","+",0.777011034076135
"1898","OTU_902","OTU_1866","+",0.840346010841533
"1899","OTU_902","OTU_1848","+",0.819021879383109
"1900","OTU_902","OTU_3285","+",0.771706717082423
"1901","OTU_902","OTU_3419","+",0.713360667779419
"1902","OTU_902","OTU_1204","+",0.807531898675417
"1903","OTU_902","OTU_1184","+",0.81089775394552
"1904","OTU_902","OTU_8206","+",0.746097787268506
"1905","OTU_351","OTU_264","+",0.849015029464461
"1906","OTU_351","OTU_1173","+",0.807430899908532
"1907","OTU_351","OTU_3337","+",0.741948689169849
"1908","OTU_351","OTU_428","+",0.733403344849527
"1909","OTU_351","OTU_1866","+",0.858405756362121
"1910","OTU_351","OTU_1848","+",0.830983661140118
"1911","OTU_351","OTU_3285","+",0.736564644037331
"1912","OTU_351","OTU_1204","+",0.810836874733346
"1913","OTU_351","OTU_1184","+",0.805785141610167
"1914","OTU_351","OTU_8206","+",0.797651042652964
"1915","OTU_264","OTU_1173","+",0.85441253822108
"1916","OTU_264","OTU_428","+",0.785264129294329
"1917","OTU_264","OTU_1866","+",0.840181179345711
"1918","OTU_264","OTU_1848","+",0.822196726165758
"1919","OTU_264","OTU_3285","+",0.729924941073157
"1920","OTU_264","OTU_3419","+",0.75001101554107
"1921","OTU_264","OTU_1204","+",0.787256916562572
"1922","OTU_264","OTU_1184","+",0.820616888067051
"1923","OTU_264","OTU_8206","+",0.744675198337911
"1924","OTU_429","OTU_7395","+",0.720418565383852
"1925","OTU_429","OTU_8226","+",0.757022675594726
"1926","OTU_429","OTU_3197","+",0.773769938877042
"1927","OTU_429","OTU_8130","+",0.700294132575483
"1928","OTU_3118","OTU_7594","+",0.743273822160001
"1929","OTU_3118","OTU_428","+",0.714838566199878
"1930","OTU_3118","OTU_7395","+",0.736363026903719
"1931","OTU_3118","OTU_7330","+",0.740835978591887
"1932","OTU_3118","OTU_1902","+",0.75976041337461
"1933","OTU_3118","OTU_7654","+",0.7080859367263
"1934","OTU_3118","OTU_3197","+",0.796646508394094
"1935","OTU_3118","OTU_3137","+",0.742541575455659
"1936","OTU_3118","OTU_1163","+",0.707532698489223
"1937","OTU_1173","OTU_428","+",0.706804786719221
"1938","OTU_1173","OTU_1866","+",0.780925878531762
"1939","OTU_1173","OTU_1848","+",0.811793831146347
"1940","OTU_1173","OTU_1204","+",0.781924693585618
"1941","OTU_1173","OTU_1184","+",0.796698104696682
"1942","OTU_3337","OTU_1848","+",0.713788194747116
"1943","OTU_7370","OTU_428","+",0.71264095181181
"1944","OTU_7370","OTU_3137","+",0.735370624982336
"1945","OTU_7370","OTU_1163","+",0.700793140552392
"1946","OTU_7594","OTU_7395","+",0.731474357896085
"1947","OTU_7594","OTU_7330","+",0.779187478685169
"1948","OTU_7594","OTU_3197","+",0.718915919145926
"1949","OTU_7594","OTU_653","+",0.737554161167325
"1950","OTU_7594","OTU_8019","+",0.707629114494697
"1951","OTU_428","OTU_1866","+",0.754421833218137
"1952","OTU_428","OTU_1163","+",0.748714751034198
"1953","OTU_428","OTU_1189","+",0.714634929135064
"1954","OTU_1866","OTU_1848","+",0.870919244803843
"1955","OTU_1866","OTU_3285","+",0.798337469229049
"1956","OTU_1866","OTU_3419","+",0.810259499010042
"1957","OTU_1866","OTU_1204","+",0.77606126807675
"1958","OTU_1866","OTU_1184","+",0.781621379276227
"1959","OTU_1866","OTU_8206","+",0.728779380193681
"1960","OTU_1890","OTU_653","+",0.737988682687737
"1961","OTU_7395","OTU_7330","+",0.742935068202204
"1962","OTU_7395","OTU_1902","+",0.75836140458532
"1963","OTU_7395","OTU_7654","+",0.761447369756958
"1964","OTU_7395","OTU_3197","+",0.755981022538514
"1965","OTU_7395","OTU_1163","+",0.765462754885166
"1966","OTU_7330","OTU_1902","+",0.783674322861711
"1967","OTU_7330","OTU_3197","+",0.804111787894148
"1968","OTU_7330","OTU_1163","+",0.770359231828528
"1969","OTU_7330","OTU_1189","+",0.706822097082071
"1970","OTU_1848","OTU_3285","+",0.776369307252706
"1971","OTU_1848","OTU_3419","+",0.759161497902841
"1972","OTU_1848","OTU_1204","+",0.803156243534119
"1973","OTU_1848","OTU_1184","+",0.722291874113317
"1974","OTU_1902","OTU_7654","+",0.74834700465276
"1975","OTU_1902","OTU_3197","+",0.736063644242503
"1976","OTU_1902","OTU_1163","+",0.75525985095168
"1977","OTU_8226","OTU_3197","+",0.716146017745659
"1978","OTU_8226","OTU_653","+",0.74586510080229
"1979","OTU_8226","OTU_1163","+",0.717397528027179
"1980","OTU_1204","OTU_1184","+",0.716379875493632
"1981","OTU_7654","OTU_3197","+",0.700427263270912
"1982","OTU_7654","OTU_653","+",0.700215260525497
"1983","OTU_7654","OTU_1163","+",0.798322409407337
"1984","OTU_3197","OTU_653","+",0.724568478538953
"1985","OTU_3197","OTU_1163","+",0.840749955470681
"1986","OTU_3197","OTU_1189","+",0.721183466007651
"1987","OTU_3197","OTU_8130","+",0.783400936626918
"1988","OTU_3311","OTU_8019","+",0.714264816478665
"1989","OTU_653","OTU_1189","+",0.75120695528795
